Workbook

Sheet Sheet1
A1: sku | B1: الصنف | C1: السعر قبل العرض بالضريبة | D1: نسبة الخصم | E1: السعر بعد العرض بالضريبة | F1: بداية المدة | G1: نهاية المدة
A2: 20615010273 | B2: {=IFERROR(_xlfn.XLOOKUP(A2,Sheet2!$A$2:$A$1453,Sheet2!$B$2:$B$1453),_xlfn.XLOOKUP(A2,TEXT(Sheet2!$A$2:$A$1453,"0"),Sheet2!$B$2:$B$1453,""))} -> BABY JOY NO(6) XXL BOX JUMBO1X60 29252 | C2: 112.7 | D2: {=_xlfn.LET(_xlpm.v,IFERROR(_xlfn.XLOOKUP(A2,Sheet2!$A$2:$A$1453,Sheet2!$D$2:$D$1453),_xlfn.XLOOKUP(A2,TEXT(Sheet2!$A$2:$A$1453,"0"),Sheet2!$D$2:$D$1453,"")),IF(_xlpm.v="","",IF(_xlpm.v<1,_xlpm.v*100,_xlpm.v)))} -> 20 | E2: =IF(D2="","",C2*(1-D2/100)) -> 90.16 | F2: {=IFERROR(_xlfn.XLOOKUP(A2,Sheet2!$A$2:$A$1453,Sheet2!$F$2:$F$1453),_xlfn.XLOOKUP(A2,TEXT(Sheet2!$A$2:$A$1453,"0"),Sheet2!$F$2:$F$1453,""))} -> 26-7-2026 | G2: {=IFERROR(_xlfn.XLOOKUP(A2,Sheet2!$A$2:$A$1453,Sheet2!$G$2:$G$1453),_xlfn.XLOOKUP(A2,TEXT(Sheet2!$A$2:$A$1453,"0"),Sheet2!$G$2:$G$1453,""))} -> 29-7-2026
A3: 20615010012 | B3: {=IFERROR(_xlfn.XLOOKUP(A3,Sheet2!$A$2:$A$1453,Sheet2!$B$2:$B$1453),_xlfn.XLOOKUP(A3,TEXT(Sheet2!$A$2:$A$1453,"0"),Sheet2!$B$2:$B$1453,""))} -> BABY JOY NO-3 BOX 1X104 | C3: 112.7 | D3: {=_xlfn.LET(_xlpm.v,IFERROR(_xlfn.XLOOKUP(A3,Sheet2!$A$2:$A$1453,Sheet2!$D$2:$D$1453),_xlfn.XLOOKUP(A3,TEXT(Sheet2!$A$2:$A$1453,"0"),Sheet2!$D$2:$D$1453,"")),IF(_xlpm.v="","",IF(_xlpm.v<1,_xlpm.v*100,_xlpm.v)))} -> 20 | E3: =IF(D3="","",C3*(1-D3/100)) -> 90.16 | F3: {=IFERROR(_xlfn.XLOOKUP(A3,Sheet2!$A$2:$A$1453,Sheet2!$F$2:$F$1453),_xlfn.XLOOKUP(A3,TEXT(Sheet2!$A$2:$A$1453,"0"),Sheet2!$F$2:$F$1453,""))} -> 26-7-2026 | G3: {=IFERROR(_xlfn.XLOOKUP(A3,Sheet2!$A$2:$A$1453,Sheet2!$G$2:$G$1453),_xlfn.XLOOKUP(A3,TEXT(Sheet2!$A$2:$A$1453,"0"),Sheet2!$G$2:$G$1453,""))} -> 29-7-2026
A4: 20615010013 | B4: {=IFERROR(_xlfn.XLOOKUP(A4,Sheet2!$A$2:$A$1453,Sheet2!$B$2:$B$1453),_xlfn.XLOOKUP(A4,TEXT(Sheet2!$A$2:$A$1453,"0"),Sheet2!$B$2:$B$1453,""))} -> BABY JOY NO-4 BOX 1X96 | C4: 112.7 | D4: {=_xlfn.LET(_xlpm.v,IFERROR(_xlfn.XLOOKUP(A4,Sheet2!$A$2:$A$1453,Sheet2!$D$2:$D$1453),_xlfn.XLOOKUP(A4,TEXT(Sheet2!$A$2:$A$1453,"0"),Sheet2!$D$2:$D$1453,"")),IF(_xlpm.v="","",IF(_xlpm.v<1,_xlpm.v*100,_xlpm.v)))} -> 20 | E4: =IF(D4="","",C4*(1-D4/100)) -> 90.16 | F4: {=IFERROR(_xlfn.XLOOKUP(A4,Sheet2!$A$2:$A$1453,Sheet2!$F$2:$F$1453),_xlfn.XLOOKUP(A4,TEXT(Sheet2!$A$2:$A$1453,"0"),Sheet2!$F$2:$F$1453,""))} -> 26-7-2026 | G4: {=IFERROR(_xlfn.XLOOKUP(A4,Sheet2!$A$2:$A$1453,Sheet2!$G$2:$G$1453),_xlfn.XLOOKUP(A4,TEXT(Sheet2!$A$2:$A$1453,"0"),Sheet2!$G$2:$G$1453,""))} -> 29-7-2026
A5: 20615010014 | B5: {=IFERROR(_xlfn.XLOOKUP(A5,Sheet2!$A$2:$A$1453,Sheet2!$B$2:$B$1453),_xlfn.XLOOKUP(A5,TEXT(Sheet2!$A$2:$A$1453,"0"),Sheet2!$B$2:$B$1453,""))} -> BABY JOY NO-4+ BOX 1X88 | C5: 112.7 | D5: {=_xlfn.LET(_xlpm.v,IFERROR(_xlfn.XLOOKUP(A5,Sheet2!$A$2:$A$1453,Sheet2!$D$2:$D$1453),_xlfn.XLOOKUP(A5,TEXT(Sheet2!$A$2:$A$1453,"0"),Sheet2!$D$2:$D$1453,"")),IF(_xlpm.v="","",IF(_xlpm.v<1,_xlpm.v*100,_xlpm.v)))} -> 20 | E5: =IF(D5="","",C5*(1-D5/100)) -> 90.16 | F5: {=IFERROR(_xlfn.XLOOKUP(A5,Sheet2!$A$2:$A$1453,Sheet2!$F$2:$F$1453),_xlfn.XLOOKUP(A5,TEXT(Sheet2!$A$2:$A$1453,"0"),Sheet2!$F$2:$F$1453,""))} -> 26-7-2026 | G5: {=IFERROR(_xlfn.XLOOKUP(A5,Sheet2!$A$2:$A$1453,Sheet2!$G$2:$G$1453),_xlfn.XLOOKUP(A5,TEXT(Sheet2!$A$2:$A$1453,"0"),Sheet2!$G$2:$G$1453,""))} -> 29-7-2026
A6: 20615010015 | B6: {=IFERROR(_xlfn.XLOOKUP(A6,Sheet2!$A$2:$A$1453,Sheet2!$B$2:$B$1453),_xlfn.XLOOKUP(A6,TEXT(Sheet2!$A$2:$A$1453,"0"),Sheet2!$B$2:$B$1453,""))} -> BABY JOY NO-5 BOX 1X80 | C6: 112.7 | D6: {=_xlfn.LET(_xlpm.v,IFERROR(_xlfn.XLOOKUP(A6,Sheet2!$A$2:$A$1453,Sheet2!$D$2:$D$1453),_xlfn.XLOOKUP(A6,TEXT(Sheet2!$A$2:$A$1453,"0"),Sheet2!$D$2:$D$1453,"")),IF(_xlpm.v="","",IF(_xlpm.v<1,_xlpm.v*100,_xlpm.v)))} -> 20 | E6: =IF(D6="","",C6*(1-D6/100)) -> 90.16 | F6: {=IFERROR(_xlfn.XLOOKUP(A6,Sheet2!$A$2:$A$1453,Sheet2!$F$2:$F$1453),_xlfn.XLOOKUP(A6,TEXT(Sheet2!$A$2:$A$1453,"0"),Sheet2!$F$2:$F$1453,""))} -> 26-7-2026 | G6: {=IFERROR(_xlfn.XLOOKUP(A6,Sheet2!$A$2:$A$1453,Sheet2!$G$2:$G$1453),_xlfn.XLOOKUP(A6,TEXT(Sheet2!$A$2:$A$1453,"0"),Sheet2!$G$2:$G$1453,""))} -> 29-7-2026
A7: 20615010035 | B7: {=IFERROR(_xlfn.XLOOKUP(A7,Sheet2!$A$2:$A$1453,Sheet2!$B$2:$B$1453),_xlfn.XLOOKUP(A7,TEXT(Sheet2!$A$2:$A$1453,"0"),Sheet2!$B$2:$B$1453,""))} -> BABY JOY-1 BOX 1X136 29202 | C7: 112.7 | D7: {=_xlfn.LET(_xlpm.v,IFERROR(_xlfn.XLOOKUP(A7,Sheet2!$A$2:$A$1453,Sheet2!$D$2:$D$1453),_xlfn.XLOOKUP(A7,TEXT(Sheet2!$A$2:$A$1453,"0"),Sheet2!$D$2:$D$1453,"")),IF(_xlpm.v="","",IF(_xlpm.v<1,_xlpm.v*100,_xlpm.v)))} -> 20 | E7: =IF(D7="","",C7*(1-D7/100)) -> 90.16 | F7: {=IFERROR(_xlfn.XLOOKUP(A7,Sheet2!$A$2:$A$1453,Sheet2!$F$2:$F$1453),_xlfn.XLOOKUP(A7,TEXT(Sheet2!$A$2:$A$1453,"0"),Sheet2!$F$2:$F$1453,""))} -> 26-7-2026 | G7: {=IFERROR(_xlfn.XLOOKUP(A7,Sheet2!$A$2:$A$1453,Sheet2!$G$2:$G$1453),_xlfn.XLOOKUP(A7,TEXT(Sheet2!$A$2:$A$1453,"0"),Sheet2!$G$2:$G$1453,""))} -> 29-7-2026
A8: 20615010036 | B8: {=IFERROR(_xlfn.XLOOKUP(A8,Sheet2!$A$2:$A$1453,Sheet2!$B$2:$B$1453),_xlfn.XLOOKUP(A8,TEXT(Sheet2!$A$2:$A$1453,"0"),Sheet2!$B$2:$B$1453,""))} -> BABY JOY-2 BOX 1X136 29212 | C8: 112.7 | D8: {=_xlfn.LET(_xlpm.v,IFERROR(_xlfn.XLOOKUP(A8,Sheet2!$A$2:$A$1453,Sheet2!$D$2:$D$1453),_xlfn.XLOOKUP(A8,TEXT(Sheet2!$A$2:$A$1453,"0"),Sheet2!$D$2:$D$1453,"")),IF(_xlpm.v="","",IF(_xlpm.v<1,_xlpm.v*100,_xlpm.v)))} -> 20 | E8: =IF(D8="","",C8*(1-D8/100)) -> 90.16 | F8: {=IFERROR(_xlfn.XLOOKUP(A8,Sheet2!$A$2:$A$1453,Sheet2!$F$2:$F$1453),_xlfn.XLOOKUP(A8,TEXT(Sheet2!$A$2:$A$1453,"0"),Sheet2!$F$2:$F$1453,""))} -> 26-7-2026 | G8: {=IFERROR(_xlfn.XLOOKUP(A8,Sheet2!$A$2:$A$1453,Sheet2!$G$2:$G$1453),_xlfn.XLOOKUP(A8,TEXT(Sheet2!$A$2:$A$1453,"0"),Sheet2!$G$2:$G$1453,""))} -> 29-7-2026
A9: 20309501041 | B9: {=IFERROR(_xlfn.XLOOKUP(A9,Sheet2!$A$2:$A$1453,Sheet2!$B$2:$B$1453),_xlfn.XLOOKUP(A9,TEXT(Sheet2!$A$2:$A$1453,"0"),Sheet2!$B$2:$B$1453,""))} -> KOLE MAXI 306/1 DARK ASH BLOND 8 | C9: 17.95 | D9: {=_xlfn.LET(_xlpm.v,IFERROR(_xlfn.XLOOKUP(A9,Sheet2!$A$2:$A$1453,Sheet2!$D$2:$D$1453),_xlfn.XLOOKUP(A9,TEXT(Sheet2!$A$2:$A$1453,"0"),Sheet2!$D$2:$D$1453,"")),IF(_xlpm.v="","",IF(_xlpm.v<1,_xlpm.v*100,_xlpm.v)))} -> 10 | E9: =IF(D9="","",C9*(1-D9/100)) -> 16.155 | F9: {=IFERROR(_xlfn.XLOOKUP(A9,Sheet2!$A$2:$A$1453,Sheet2!$F$2:$F$1453),_xlfn.XLOOKUP(A9,TEXT(Sheet2!$A$2:$A$1453,"0"),Sheet2!$F$2:$F$1453,""))} -> 26-7-2026 | G9: {=IFERROR(_xlfn.XLOOKUP(A9,Sheet2!$A$2:$A$1453,Sheet2!$G$2:$G$1453),_xlfn.XLOOKUP(A9,TEXT(Sheet2!$A$2:$A$1453,"0"),Sheet2!$G$2:$G$1453,""))} -> 6-8-2026
A10: 20309010734 | B10: {=IFERROR(_xlfn.XLOOKUP(A10,Sheet2!$A$2:$A$1453,Sheet2!$B$2:$B$1453),_xlfn.XLOOKUP(A10,TEXT(Sheet2!$A$2:$A$1453,"0"),Sheet2!$B$2:$B$1453,""))} -> KOLE MAXI 308/1 LIGHT ASH BLONDE | C10: 17.95 | D10: {=_xlfn.LET(_xlpm.v,IFERROR(_xlfn.XLOOKUP(A10,Sheet2!$A$2:$A$1453,Sheet2!$D$2:$D$1453),_xlfn.XLOOKUP(A10,TEXT(Sheet2!$A$2:$A$1453,"0"),Sheet2!$D$2:$D$1453,"")),IF(_xlpm.v="","",IF(_xlpm.v<1,_xlpm.v*100,_xlpm.v)))} -> 10 | E10: =IF(D10="","",C10*(1-D10/100)) -> 16.155 | F10: {=IFERROR(_xlfn.XLOOKUP(A10,Sheet2!$A$2:$A$1453,Sheet2!$F$2:$F$1453),_xlfn.XLOOKUP(A10,TEXT(Sheet2!$A$2:$A$1453,"0"),Sheet2!$F$2:$F$1453,""))} -> 26-7-2026 | G10: {=IFERROR(_xlfn.XLOOKUP(A10,Sheet2!$A$2:$A$1453,Sheet2!$G$2:$G$1453),_xlfn.XLOOKUP(A10,TEXT(Sheet2!$A$2:$A$1453,"0"),Sheet2!$G$2:$G$1453,""))} -> 6-8-2026
A11: 2-09-163-030 | B11: {=IFERROR(_xlfn.XLOOKUP(A11,Sheet2!$A$2:$A$1453,Sheet2!$B$2:$B$1453),_xlfn.XLOOKUP(A11,TEXT(Sheet2!$A$2:$A$1453,"0"),Sheet2!$B$2:$B$1453,""))} -> QVBARSOAP/1APPLY,100GM/Conta | C11: 44.85 | D11: {=_xlfn.LET(_xlpm.v,IFERROR(_xlfn.XLOOKUP(A11,Sheet2!$A$2:$A$1453,Sheet2!$D$2:$D$1453),_xlfn.XLOOKUP(A11,TEXT(Sheet2!$A$2:$A$1453,"0"),Sheet2!$D$2:$D$1453,"")),IF(_xlpm.v="","",IF(_xlpm.v<1,_xlpm.v*100,_xlpm.v)))} -> 20 | E11: =IF(D11="","",C11*(1-D11/100)) -> 35.88 | F11: {=IFERROR(_xlfn.XLOOKUP(A11,Sheet2!$A$2:$A$1453,Sheet2!$F$2:$F$1453),_xlfn.XLOOKUP(A11,TEXT(Sheet2!$A$2:$A$1453,"0"),Sheet2!$F$2:$F$1453,""))} -> 26-7-2026 | G11: {=IFERROR(_xlfn.XLOOKUP(A11,Sheet2!$A$2:$A$1453,Sheet2!$G$2:$G$1453),_xlfn.XLOOKUP(A11,TEXT(Sheet2!$A$2:$A$1453,"0"),Sheet2!$G$2:$G$1453,""))} -> 6-8-2026
A12: 20312051410 | B12: {=IFERROR(_xlfn.XLOOKUP(A12,Sheet2!$A$2:$A$1453,Sheet2!$B$2:$B$1453),_xlfn.XLOOKUP(A12,TEXT(Sheet2!$A$2:$A$1453,"0"),Sheet2!$B$2:$B$1453,""))} -> WHITE GLO CHARCOAL DEEP S | C12: 33.14 | D12: {=_xlfn.LET(_xlpm.v,IFERROR(_xlfn.XLOOKUP(A12,Sheet2!$A$2:$A$1453,Sheet2!$D$2:$D$1453),_xlfn.XLOOKUP(A12,TEXT(Sheet2!$A$2:$A$1453,"0"),Sheet2!$D$2:$D$1453,"")),IF(_xlpm.v="","",IF(_xlpm.v<1,_xlpm.v*100,_xlpm.v)))} -> 30 | E12: =IF(D12="","",C12*(1-D12/100)) -> 23.198 | F12: {=IFERROR(_xlfn.XLOOKUP(A12,Sheet2!$A$2:$A$1453,Sheet2!$F$2:$F$1453),_xlfn.XLOOKUP(A12,TEXT(Sheet2!$A$2:$A$1453,"0"),Sheet2!$F$2:$F$1453,""))} -> 26-7-2026 | G12: {=IFERROR(_xlfn.XLOOKUP(A12,Sheet2!$A$2:$A$1453,Sheet2!$G$2:$G$1453),_xlfn.XLOOKUP(A12,TEXT(Sheet2!$A$2:$A$1453,"0"),Sheet2!$G$2:$G$1453,""))} -> 6-8-2026
A13: 20315040836 | B13: {=IFERROR(_xlfn.XLOOKUP(A13,Sheet2!$A$2:$A$1453,Sheet2!$B$2:$B$1453),_xlfn.XLOOKUP(A13,TEXT(Sheet2!$A$2:$A$1453,"0"),Sheet2!$B$2:$B$1453,""))} -> AVENT NATURAL GLASS BOTTLE 240ML | C13: 90.01 | D13: {=_xlfn.LET(_xlpm.v,IFERROR(_xlfn.XLOOKUP(A13,Sheet2!$A$2:$A$1453,Sheet2!$D$2:$D$1453),_xlfn.XLOOKUP(A13,TEXT(Sheet2!$A$2:$A$1453,"0"),Sheet2!$D$2:$D$1453,"")),IF(_xlpm.v="","",IF(_xlpm.v<1,_xlpm.v*100,_xlpm.v)))} -> 15 | E13: =IF(D13="","",C13*(1-D13/100)) -> 76.5085 | F13: {=IFERROR(_xlfn.XLOOKUP(A13,Sheet2!$A$2:$A$1453,Sheet2!$F$2:$F$1453),_xlfn.XLOOKUP(A13,TEXT(Sheet2!$A$2:$A$1453,"0"),Sheet2!$F$2:$F$1453,""))} -> 26-7-2026 | G13: {=IFERROR(_xlfn.XLOOKUP(A13,Sheet2!$A$2:$A$1453,Sheet2!$G$2:$G$1453),_xlfn.XLOOKUP(A13,TEXT(Sheet2!$A$2:$A$1453,"0"),Sheet2!$G$2:$G$1453,""))} -> 6-8-2026
A14: 20309502776 | B14: {=IFERROR(_xlfn.XLOOKUP(A14,Sheet2!$A$2:$A$1453,Sheet2!$B$2:$B$1453),_xlfn.XLOOKUP(A14,TEXT(Sheet2!$A$2:$A$1453,"0"),Sheet2!$B$2:$B$1453,""))} -> DORCO SHAI 4:FRA 200-4P,FOR WOMEN (3+1) IN POLY BAG- 580630 | C14: 28.18 | D14: {=_xlfn.LET(_xlpm.v,IFERROR(_xlfn.XLOOKUP(A14,Sheet2!$A$2:$A$1453,Sheet2!$D$2:$D$1453),_xlfn.XLOOKUP(A14,TEXT(Sheet2!$A$2:$A$1453,"0"),Sheet2!$D$2:$D$1453,"")),IF(_xlpm.v="","",IF(_xlpm.v<1,_xlpm.v*100,_xlpm.v)))} -> 25 | E14: =IF(D14="","",C14*(1-D14/100)) -> 21.135 | F14: {=IFERROR(_xlfn.XLOOKUP(A14,Sheet2!$A$2:$A$1453,Sheet2!$F$2:$F$1453),_xlfn.XLOOKUP(A14,TEXT(Sheet2!$A$2:$A$1453,"0"),Sheet2!$F$2:$F$1453,""))} -> 26-7-2026 | G14: {=IFERROR(_xlfn.XLOOKUP(A14,Sheet2!$A$2:$A$1453,Sheet2!$G$2:$G$1453),_xlfn.XLOOKUP(A14,TEXT(Sheet2!$A$2:$A$1453,"0"),Sheet2!$G$2:$G$1453,""))} -> 6-8-2026
A15: 20309504115 | B15: {=IFERROR(_xlfn.XLOOKUP(A15,Sheet2!$A$2:$A$1453,Sheet2!$B$2:$B$1453),_xlfn.XLOOKUP(A15,TEXT(Sheet2!$A$2:$A$1453,"0"),Sheet2!$B$2:$B$1453,""))} -> BIC FLEX 5 HYBRID B4 801048 | C15: 48.66 | D15: {=_xlfn.LET(_xlpm.v,IFERROR(_xlfn.XLOOKUP(A15,Sheet2!$A$2:$A$1453,Sheet2!$D$2:$D$1453),_xlfn.XLOOKUP(A15,TEXT(Sheet2!$A$2:$A$1453,"0"),Sheet2!$D$2:$D$1453,"")),IF(_xlpm.v="","",IF(_xlpm.v<1,_xlpm.v*100,_xlpm.v)))} -> 15 | E15: =IF(D15="","",C15*(1-D15/100)) -> 41.361 | F15: {=IFERROR(_xlfn.XLOOKUP(A15,Sheet2!$A$2:$A$1453,Sheet2!$F$2:$F$1453),_xlfn.XLOOKUP(A15,TEXT(Sheet2!$A$2:$A$1453,"0"),Sheet2!$F$2:$F$1453,""))} -> 26-7-2026 | G15: {=IFERROR(_xlfn.XLOOKUP(A15,Sheet2!$A$2:$A$1453,Sheet2!$G$2:$G$1453),_xlfn.XLOOKUP(A15,TEXT(Sheet2!$A$2:$A$1453,"0"),Sheet2!$G$2:$G$1453,""))} -> 6-8-2026
A16: 20309504114 | B16: {=IFERROR(_xlfn.XLOOKUP(A16,Sheet2!$A$2:$A$1453,Sheet2!$B$2:$B$1453),_xlfn.XLOOKUP(A16,TEXT(Sheet2!$A$2:$A$1453,"0"),Sheet2!$B$2:$B$1453,""))} -> BIC FLEX 3 HYBRID B4 801047 | C16: 24.32 | D16: {=_xlfn.LET(_xlpm.v,IFERROR(_xlfn.XLOOKUP(A16,Sheet2!$A$2:$A$1453,Sheet2!$D$2:$D$1453),_xlfn.XLOOKUP(A16,TEXT(Sheet2!$A$2:$A$1453,"0"),Sheet2!$D$2:$D$1453,"")),IF(_xlpm.v="","",IF(_xlpm.v<1,_xlpm.v*100,_xlpm.v)))} -> 15 | E16: =IF(D16="","",C16*(1-D16/100)) -> 20.672 | F16: {=IFERROR(_xlfn.XLOOKUP(A16,Sheet2!$A$2:$A$1453,Sheet2!$F$2:$F$1453),_xlfn.XLOOKUP(A16,TEXT(Sheet2!$A$2:$A$1453,"0"),Sheet2!$F$2:$F$1453,""))} -> 26-7-2026 | G16: {=IFERROR(_xlfn.XLOOKUP(A16,Sheet2!$A$2:$A$1453,Sheet2!$G$2:$G$1453),_xlfn.XLOOKUP(A16,TEXT(Sheet2!$A$2:$A$1453,"0"),Sheet2!$G$2:$G$1453,""))} -> 6-8-2026
A17: 20309504113 | B17: {=IFERROR(_xlfn.XLOOKUP(A17,Sheet2!$A$2:$A$1453,Sheet2!$B$2:$B$1453),_xlfn.XLOOKUP(A17,TEXT(Sheet2!$A$2:$A$1453,"0"),Sheet2!$B$2:$B$1453,""))} -> BIC SOLEIL ESCAPE 5B BLAD 2 | C17: 22.56 | D17: {=_xlfn.LET(_xlpm.v,IFERROR(_xlfn.XLOOKUP(A17,Sheet2!$A$2:$A$1453,Sheet2!$D$2:$D$1453),_xlfn.XLOOKUP(A17,TEXT(Sheet2!$A$2:$A$1453,"0"),Sheet2!$D$2:$D$1453,"")),IF(_xlpm.v="","",IF(_xlpm.v<1,_xlpm.v*100,_xlpm.v)))} -> 15 | E17: =IF(D17="","",C17*(1-D17/100)) -> 19.176 | F17: {=IFERROR(_xlfn.XLOOKUP(A17,Sheet2!$A$2:$A$1453,Sheet2!$F$2:$F$1453),_xlfn.XLOOKUP(A17,TEXT(Sheet2!$A$2:$A$1453,"0"),Sheet2!$F$2:$F$1453,""))} -> 26-7-2026 | G17: {=IFERROR(_xlfn.XLOOKUP(A17,Sheet2!$A$2:$A$1453,Sheet2!$G$2:$G$1453),_xlfn.XLOOKUP(A17,TEXT(Sheet2!$A$2:$A$1453,"0"),Sheet2!$G$2:$G$1453,""))} -> 6-8-2026
A18: 20309504112 | B18: {=IFERROR(_xlfn.XLOOKUP(A18,Sheet2!$A$2:$A$1453,Sheet2!$B$2:$B$1453),_xlfn.XLOOKUP(A18,TEXT(Sheet2!$A$2:$A$1453,"0"),Sheet2!$B$2:$B$1453,""))} -> BIC SOLEIL CLICK 3 SENSITIVE | C18: 27.43 | D18: {=_xlfn.LET(_xlpm.v,IFERROR(_xlfn.XLOOKUP(A18,Sheet2!$A$2:$A$1453,Sheet2!$D$2:$D$1453),_xlfn.XLOOKUP(A18,TEXT(Sheet2!$A$2:$A$1453,"0"),Sheet2!$D$2:$D$1453,"")),IF(_xlpm.v="","",IF(_xlpm.v<1,_xlpm.v*100,_xlpm.v)))} -> 15 | E18: =IF(D18="","",C18*(1-D18/100)) -> 23.3155 | F18: {=IFERROR(_xlfn.XLOOKUP(A18,Sheet2!$A$2:$A$1453,Sheet2!$F$2:$F$1453),_xlfn.XLOOKUP(A18,TEXT(Sheet2!$A$2:$A$1453,"0"),Sheet2!$F$2:$F$1453,""))} -> 26-7-2026 | G18: {=IFERROR(_xlfn.XLOOKUP(A18,Sheet2!$A$2:$A$1453,Sheet2!$G$2:$G$1453),_xlfn.XLOOKUP(A18,TEXT(Sheet2!$A$2:$A$1453,"0"),Sheet2!$G$2:$G$1453,""))} -> 6-8-2026
A19: 20309504111 | B19: {=IFERROR(_xlfn.XLOOKUP(A19,Sheet2!$A$2:$A$1453,Sheet2!$B$2:$B$1453),_xlfn.XLOOKUP(A19,TEXT(Sheet2!$A$2:$A$1453,"0"),Sheet2!$B$2:$B$1453,""))} -> BIC SOLEIL CLICK 3 B4 10 80104 | C19: 24.77 | D19: {=_xlfn.LET(_xlpm.v,IFERROR(_xlfn.XLOOKUP(A19,Sheet2!$A$2:$A$1453,Sheet2!$D$2:$D$1453),_xlfn.XLOOKUP(A19,TEXT(Sheet2!$A$2:$A$1453,"0"),Sheet2!$D$2:$D$1453,"")),IF(_xlpm.v="","",IF(_xlpm.v<1,_xlpm.v*100,_xlpm.v)))} -> 15 | E19: =IF(D19="","",C19*(1-D19/100)) -> 21.0545 | F19: {=IFERROR(_xlfn.XLOOKUP(A19,Sheet2!$A$2:$A$1453,Sheet2!$F$2:$F$1453),_xlfn.XLOOKUP(A19,TEXT(Sheet2!$A$2:$A$1453,"0"),Sheet2!$F$2:$F$1453,""))} -> 26-7-2026 | G19: {=IFERROR(_xlfn.XLOOKUP(A19,Sheet2!$A$2:$A$1453,Sheet2!$G$2:$G$1453),_xlfn.XLOOKUP(A19,TEXT(Sheet2!$A$2:$A$1453,"0"),Sheet2!$G$2:$G$1453,""))} -> 6-8-2026
A20: 20309504110 | B20: {=IFERROR(_xlfn.XLOOKUP(A20,Sheet2!$A$2:$A$1453,Sheet2!$B$2:$B$1453),_xlfn.XLOOKUP(A20,TEXT(Sheet2!$A$2:$A$1453,"0"),Sheet2!$B$2:$B$1453,""))} -> BIC 3 MISS SOLEIL SENSITIVE | C20: 24.77 | D20: {=_xlfn.LET(_xlpm.v,IFERROR(_xlfn.XLOOKUP(A20,Sheet2!$A$2:$A$1453,Sheet2!$D$2:$D$1453),_xlfn.XLOOKUP(A20,TEXT(Sheet2!$A$2:$A$1453,"0"),Sheet2!$D$2:$D$1453,"")),IF(_xlpm.v="","",IF(_xlpm.v<1,_xlpm.v*100,_xlpm.v)))} -> 15 | E20: =IF(D20="","",C20*(1-D20/100)) -> 21.0545 | F20: {=IFERROR(_xlfn.XLOOKUP(A20,Sheet2!$A$2:$A$1453,Sheet2!$F$2:$F$1453),_xlfn.XLOOKUP(A20,TEXT(Sheet2!$A$2:$A$1453,"0"),Sheet2!$F$2:$F$1453,""))} -> 26-7-2026 | G20: {=IFERROR(_xlfn.XLOOKUP(A20,Sheet2!$A$2:$A$1453,Sheet2!$G$2:$G$1453),_xlfn.XLOOKUP(A20,TEXT(Sheet2!$A$2:$A$1453,"0"),Sheet2!$G$2:$G$1453,""))} -> 6-8-2026
A21: 20309504109 | B21: {=IFERROR(_xlfn.XLOOKUP(A21,Sheet2!$A$2:$A$1453,Sheet2!$B$2:$B$1453),_xlfn.XLOOKUP(A21,TEXT(Sheet2!$A$2:$A$1453,"0"),Sheet2!$B$2:$B$1453,""))} -> BIC 3 ACTION P12 8+4 801040 | C21: 26.09 | D21: {=_xlfn.LET(_xlpm.v,IFERROR(_xlfn.XLOOKUP(A21,Sheet2!$A$2:$A$1453,Sheet2!$D$2:$D$1453),_xlfn.XLOOKUP(A21,TEXT(Sheet2!$A$2:$A$1453,"0"),Sheet2!$D$2:$D$1453,"")),IF(_xlpm.v="","",IF(_xlpm.v<1,_xlpm.v*100,_xlpm.v)))} -> 15 | E21: =IF(D21="","",C21*(1-D21/100)) -> 22.1765 | F21: {=IFERROR(_xlfn.XLOOKUP(A21,Sheet2!$A$2:$A$1453,Sheet2!$F$2:$F$1453),_xlfn.XLOOKUP(A21,TEXT(Sheet2!$A$2:$A$1453,"0"),Sheet2!$F$2:$F$1453,""))} -> 26-7-2026 | G21: {=IFERROR(_xlfn.XLOOKUP(A21,Sheet2!$A$2:$A$1453,Sheet2!$G$2:$G$1453),_xlfn.XLOOKUP(A21,TEXT(Sheet2!$A$2:$A$1453,"0"),Sheet2!$G$2:$G$1453,""))} -> 6-8-2026
A22: 20309504108 | B22: {=IFERROR(_xlfn.XLOOKUP(A22,Sheet2!$A$2:$A$1453,Sheet2!$B$2:$B$1453),_xlfn.XLOOKUP(A22,TEXT(Sheet2!$A$2:$A$1453,"0"),Sheet2!$B$2:$B$1453,""))} -> BIC 4 SOLEIL BELLA 3+1 801035 | C22: 27.43 | D22: {=_xlfn.LET(_xlpm.v,IFERROR(_xlfn.XLOOKUP(A22,Sheet2!$A$2:$A$1453,Sheet2!$D$2:$D$1453),_xlfn.XLOOKUP(A22,TEXT(Sheet2!$A$2:$A$1453,"0"),Sheet2!$D$2:$D$1453,"")),IF(_xlpm.v="","",IF(_xlpm.v<1,_xlpm.v*100,_xlpm.v)))} -> 15 | E22: =IF(D22="","",C22*(1-D22/100)) -> 23.3155 | F22: {=IFERROR(_xlfn.XLOOKUP(A22,Sheet2!$A$2:$A$1453,Sheet2!$F$2:$F$1453),_xlfn.XLOOKUP(A22,TEXT(Sheet2!$A$2:$A$1453,"0"),Sheet2!$F$2:$F$1453,""))} -> 26-7-2026 | G22: {=IFERROR(_xlfn.XLOOKUP(A22,Sheet2!$A$2:$A$1453,Sheet2!$G$2:$G$1453),_xlfn.XLOOKUP(A22,TEXT(Sheet2!$A$2:$A$1453,"0"),Sheet2!$G$2:$G$1453,""))} -> 6-8-2026
A23: 20309504107 | B23: {=IFERROR(_xlfn.XLOOKUP(A23,Sheet2!$A$2:$A$1453,Sheet2!$B$2:$B$1453),_xlfn.XLOOKUP(A23,TEXT(Sheet2!$A$2:$A$1453,"0"),Sheet2!$B$2:$B$1453,""))} -> BIC 3 SOLEIL SCENT 4+2 801034 | C23: 27.43 | D23: {=_xlfn.LET(_xlpm.v,IFERROR(_xlfn.XLOOKUP(A23,Sheet2!$A$2:$A$1453,Sheet2!$D$2:$D$1453),_xlfn.XLOOKUP(A23,TEXT(Sheet2!$A$2:$A$1453,"0"),Sheet2!$D$2:$D$1453,"")),IF(_xlpm.v="","",IF(_xlpm.v<1,_xlpm.v*100,_xlpm.v)))} -> 15 | E23: =IF(D23="","",C23*(1-D23/100)) -> 23.3155 | F23: {=IFERROR(_xlfn.XLOOKUP(A23,Sheet2!$A$2:$A$1453,Sheet2!$F$2:$F$1453),_xlfn.XLOOKUP(A23,TEXT(Sheet2!$A$2:$A$1453,"0"),Sheet2!$F$2:$F$1453,""))} -> 26-7-2026 | G23: {=IFERROR(_xlfn.XLOOKUP(A23,Sheet2!$A$2:$A$1453,Sheet2!$G$2:$G$1453),_xlfn.XLOOKUP(A23,TEXT(Sheet2!$A$2:$A$1453,"0"),Sheet2!$G$2:$G$1453,""))} -> 6-8-2026
... A48: 20309504151 | B48: {=IFERROR(_xlfn.XLOOKUP(A48,Sheet2!$A$2:$A$1453,Sheet2!$B$2:$B$1453),_xlfn.XLOOKUP(A48,TEXT(Sheet2!$A$2:$A$1453,"0"),Sheet2!$B$2:$B$1453,""))} -> FRESH TOUNG BRUSH ADULT 92792 | C48: 18.7 | D48: {=_xlfn.LET(_xlpm.v,IFERROR(_xlfn.XLOOKUP(A48,Sheet2!$A$2:$A$1453,Sheet2!$D$2:$D$1453),_xlfn.XLOOKUP(A48,TEXT(Sheet2!$A$2:$A$1453,"0"),Sheet2!$D$2:$D$1453,"")),IF(_xlpm.v="","",IF(_xlpm.v<1,_xlpm.v*100,_xlpm.v)))} -> 10 | E48: =IF(D48="","",C48*(1-D48/100)) -> 16.83 | F48: {=IFERROR(_xlfn.XLOOKUP(A48,Sheet2!$A$2:$A$1453,Sheet2!$F$2:$F$1453),_xlfn.XLOOKUP(A48,TEXT(Sheet2!$A$2:$A$1453,"0"),Sheet2!$F$2:$F$1453,""))} -> 26-7-2026 | G48: {=IFERROR(_xlfn.XLOOKUP(A48,Sheet2!$A$2:$A$1453,Sheet2!$G$2:$G$1453),_xlfn.XLOOKUP(A48,TEXT(Sheet2!$A$2:$A$1453,"0"),Sheet2!$G$2:$G$1453,""))} -> 6-8-2026
A49: 1-03-186-068 | B49: {=IFERROR(_xlfn.XLOOKUP(A49,Sheet2!$A$2:$A$1453,Sheet2!$B$2:$B$1453),_xlfn.XLOOKUP(A49,TEXT(Sheet2!$A$2:$A$1453,"0"),Sheet2!$B$2:$B$1453,""))} -> NQ ARGITONE ml Syrup, 100 ML/BOTTLE | C49: 150 | D49: {=_xlfn.LET(_xlpm.v,IFERROR(_xlfn.XLOOKUP(A49,Sheet2!$A$2:$A$1453,Sheet2!$D$2:$D$1453),_xlfn.XLOOKUP(A49,TEXT(Sheet2!$A$2:$A$1453,"0"),Sheet2!$D$2:$D$1453,"")),IF(_xlpm.v="","",IF(_xlpm.v<1,_xlpm.v*100,_xlpm.v)))} -> 33 | E49: =IF(D49="","",C49*(1-D49/100)) -> 100.5 | F49: {=IFERROR(_xlfn.XLOOKUP(A49,Sheet2!$A$2:$A$1453,Sheet2!$F$2:$F$1453),_xlfn.XLOOKUP(A49,TEXT(Sheet2!$A$2:$A$1453,"0"),Sheet2!$F$2:$F$1453,""))} -> 26-7-2026 | G49: {=IFERROR(_xlfn.XLOOKUP(A49,Sheet2!$A$2:$A$1453,Sheet2!$G$2:$G$1453),_xlfn.XLOOKUP(A49,TEXT(Sheet2!$A$2:$A$1453,"0"),Sheet2!$G$2:$G$1453,""))} -> 6-8-2026
A50: 30420010756 | B50: {=IFERROR(_xlfn.XLOOKUP(A50,Sheet2!$A$2:$A$1453,Sheet2!$B$2:$B$1453),_xlfn.XLOOKUP(A50,TEXT(Sheet2!$A$2:$A$1453,"0"),Sheet2!$B$2:$B$1453,""))} -> SOFFISOF ADULT DIAPER XXL 111318 | C50: 75 | D50: {=_xlfn.LET(_xlpm.v,IFERROR(_xlfn.XLOOKUP(A50,Sheet2!$A$2:$A$1453,Sheet2!$D$2:$D$1453),_xlfn.XLOOKUP(A50,TEXT(Sheet2!$A$2:$A$1453,"0"),Sheet2!$D$2:$D$1453,"")),IF(_xlpm.v="","",IF(_xlpm.v<1,_xlpm.v*100,_xlpm.v)))} -> 10 | E50: =IF(D50="","",C50*(1-D50/100)) -> 67.5 | F50: {=IFERROR(_xlfn.XLOOKUP(A50,Sheet2!$A$2:$A$1453,Sheet2!$F$2:$F$1453),_xlfn.XLOOKUP(A50,TEXT(Sheet2!$A$2:$A$1453,"0"),Sheet2!$F$2:$F$1453,""))} -> 26-7-2026 | G50: {=IFERROR(_xlfn.XLOOKUP(A50,Sheet2!$A$2:$A$1453,Sheet2!$G$2:$G$1453),_xlfn.XLOOKUP(A50,TEXT(Sheet2!$A$2:$A$1453,"0"),Sheet2!$G$2:$G$1453,""))} -> 6-8-2026
A51: 1-03-044-032 | B51: {=IFERROR(_xlfn.XLOOKUP(A51,Sheet2!$A$2:$A$1453,Sheet2!$B$2:$B$1453),_xlfn.XLOOKUP(A51,TEXT(Sheet2!$A$2:$A$1453,"0"),Sheet2!$B$2:$B$1453,""))} -> BIOFAR PHYTO DIGESTION Effervescent Tablet, 6 TABLET/CONTAINER | C51: 40.25 | D51: {=_xlfn.LET(_xlpm.v,IFERROR(_xlfn.XLOOKUP(A51,Sheet2!$A$2:$A$1453,Sheet2!$D$2:$D$1453),_xlfn.XLOOKUP(A51,TEXT(Sheet2!$A$2:$A$1453,"0"),Sheet2!$D$2:$D$1453,"")),IF(_xlpm.v="","",IF(_xlpm.v<1,_xlpm.v*100,_xlpm.v)))} -> 40 | E51: =IF(D51="","",C51*(1-D51/100)) -> 24.15 | F51: {=IFERROR(_xlfn.XLOOKUP(A51,Sheet2!$A$2:$A$1453,Sheet2!$F$2:$F$1453),_xlfn.XLOOKUP(A51,TEXT(Sheet2!$A$2:$A$1453,"0"),Sheet2!$F$2:$F$1453,""))} -> 26-7-2026 | G51: {=IFERROR(_xlfn.XLOOKUP(A51,Sheet2!$A$2:$A$1453,Sheet2!$G$2:$G$1453),_xlfn.XLOOKUP(A51,TEXT(Sheet2!$A$2:$A$1453,"0"),Sheet2!$G$2:$G$1453,""))} -> 6-8-2026
A52: 1-03-044-031 | B52: {=IFERROR(_xlfn.XLOOKUP(A52,Sheet2!$A$2:$A$1453,Sheet2!$B$2:$B$1453),_xlfn.XLOOKUP(A52,TEXT(Sheet2!$A$2:$A$1453,"0"),Sheet2!$B$2:$B$1453,""))} -> BIOFAR VITAMIN B complex Effervescent Tablet, 20 TABLET/CONTAINER | C52: 35.65 | D52: {=_xlfn.LET(_xlpm.v,IFERROR(_xlfn.XLOOKUP(A52,Sheet2!$A$2:$A$1453,Sheet2!$D$2:$D$1453),_xlfn.XLOOKUP(A52,TEXT(Sheet2!$A$2:$A$1453,"0"),Sheet2!$D$2:$D$1453,"")),IF(_xlpm.v="","",IF(_xlpm.v<1,_xlpm.v*100,_xlpm.v)))} -> 40 | E52: =IF(D52="","",C52*(1-D52/100)) -> 21.39 | F52: {=IFERROR(_xlfn.XLOOKUP(A52,Sheet2!$A$2:$A$1453,Sheet2!$F$2:$F$1453),_xlfn.XLOOKUP(A52,TEXT(Sheet2!$A$2:$A$1453,"0"),Sheet2!$F$2:$F$1453,""))} -> 26-7-2026 | G52: {=IFERROR(_xlfn.XLOOKUP(A52,Sheet2!$A$2:$A$1453,Sheet2!$G$2:$G$1453),_xlfn.XLOOKUP(A52,TEXT(Sheet2!$A$2:$A$1453,"0"),Sheet2!$G$2:$G$1453,""))} -> 6-8-2026
A53: 1-03-044-030 | B53: {=IFERROR(_xlfn.XLOOKUP(A53,Sheet2!$A$2:$A$1453,Sheet2!$B$2:$B$1453),_xlfn.XLOOKUP(A53,TEXT(Sheet2!$A$2:$A$1453,"0"),Sheet2!$B$2:$B$1453,""))} -> BIOFAR KIDS MULTIVITAMIN Effervescent Tablet, 20 TABLET/CONTAINER | C53: 40.25 | D53: {=_xlfn.LET(_xlpm.v,IFERROR(_xlfn.XLOOKUP(A53,Sheet2!$A$2:$A$1453,Sheet2!$D$2:$D$1453),_xlfn.XLOOKUP(A53,TEXT(Sheet2!$A$2:$A$1453,"0"),Sheet2!$D$2:$D$1453,"")),IF(_xlpm.v="","",IF(_xlpm.v<1,_xlpm.v*100,_xlpm.v)))} -> 40 | E53: =IF(D53="","",C53*(1-D53/100)) -> 24.15 | F53: {=IFERROR(_xlfn.XLOOKUP(A53,Sheet2!$A$2:$A$1453,Sheet2!$F$2:$F$1453),_xlfn.XLOOKUP(A53,TEXT(Sheet2!$A$2:$A$1453,"0"),Sheet2!$F$2:$F$1453,""))} -> 26-7-2026 | G53: {=IFERROR(_xlfn.XLOOKUP(A53,Sheet2!$A$2:$A$1453,Sheet2!$G$2:$G$1453),_xlfn.XLOOKUP(A53,TEXT(Sheet2!$A$2:$A$1453,"0"),Sheet2!$G$2:$G$1453,""))} -> 6-8-2026
A54: 1-03-044-028 | B54: {=IFERROR(_xlfn.XLOOKUP(A54,Sheet2!$A$2:$A$1453,Sheet2!$B$2:$B$1453),_xlfn.XLOOKUP(A54,TEXT(Sheet2!$A$2:$A$1453,"0"),Sheet2!$B$2:$B$1453,""))} -> BIOFAR IRON FOLIC ACID Effervescent Tablet, 20 TABLET/CONTAINER | C54: 40.25 | D54: {=_xlfn.LET(_xlpm.v,IFERROR(_xlfn.XLOOKUP(A54,Sheet2!$A$2:$A$1453,Sheet2!$D$2:$D$1453),_xlfn.XLOOKUP(A54,TEXT(Sheet2!$A$2:$A$1453,"0"),Sheet2!$D$2:$D$1453,"")),IF(_xlpm.v="","",IF(_xlpm.v<1,_xlpm.v*100,_xlpm.v)))} -> 40 | E54: =IF(D54="","",C54*(1-D54/100)) -> 24.15 | F54: {=IFERROR(_xlfn.XLOOKUP(A54,Sheet2!$A$2:$A$1453,Sheet2!$F$2:$F$1453),_xlfn.XLOOKUP(A54,TEXT(Sheet2!$A$2:$A$1453,"0"),Sheet2!$F$2:$F$1453,""))} -> 26-7-2026 | G54: {=IFERROR(_xlfn.XLOOKUP(A54,Sheet2!$A$2:$A$1453,Sheet2!$G$2:$G$1453),_xlfn.XLOOKUP(A54,TEXT(Sheet2!$A$2:$A$1453,"0"),Sheet2!$G$2:$G$1453,""))} -> 6-8-2026
A55: 20309012316 | B55: {=IFERROR(_xlfn.XLOOKUP(A55,Sheet2!$A$2:$A$1453,Sheet2!$B$2:$B$1453),_xlfn.XLOOKUP(A55,TEXT(Sheet2!$A$2:$A$1453,"0"),Sheet2!$B$2:$B$1453,""))} -> PANTENE SHAMPO DAILY CARE 2X1 375 | C55: 14.84 | D55: {=_xlfn.LET(_xlpm.v,IFERROR(_xlfn.XLOOKUP(A55,Sheet2!$A$2:$A$1453,Sheet2!$D$2:$D$1453),_xlfn.XLOOKUP(A55,TEXT(Sheet2!$A$2:$A$1453,"0"),Sheet2!$D$2:$D$1453,"")),IF(_xlpm.v="","",IF(_xlpm.v<1,_xlpm.v*100,_xlpm.v)))} -> 15 | E55: =IF(D55="","",C55*(1-D55/100)) -> 12.614 | F55: {=IFERROR(_xlfn.XLOOKUP(A55,Sheet2!$A$2:$A$1453,Sheet2!$F$2:$F$1453),_xlfn.XLOOKUP(A55,TEXT(Sheet2!$A$2:$A$1453,"0"),Sheet2!$F$2:$F$1453,""))} -> 26-7-2026 | G55: {=IFERROR(_xlfn.XLOOKUP(A55,Sheet2!$A$2:$A$1453,Sheet2!$G$2:$G$1453),_xlfn.XLOOKUP(A55,TEXT(Sheet2!$A$2:$A$1453,"0"),Sheet2!$G$2:$G$1453,""))} -> 6-8-2026
A56: 20309012315 | B56: {=IFERROR(_xlfn.XLOOKUP(A56,Sheet2!$A$2:$A$1453,Sheet2!$B$2:$B$1453),_xlfn.XLOOKUP(A56,TEXT(Sheet2!$A$2:$A$1453,"0"),Sheet2!$B$2:$B$1453,""))} -> PANTENE SHAMPOO MOISTARE RENEW | C56: 14.84 | D56: {=_xlfn.LET(_xlpm.v,IFERROR(_xlfn.XLOOKUP(A56,Sheet2!$A$2:$A$1453,Sheet2!$D$2:$D$1453),_xlfn.XLOOKUP(A56,TEXT(Sheet2!$A$2:$A$1453,"0"),Sheet2!$D$2:$D$1453,"")),IF(_xlpm.v="","",IF(_xlpm.v<1,_xlpm.v*100,_xlpm.v)))} -> 15 | E56: =IF(D56="","",C56*(1-D56/100)) -> 12.614 | F56: {=IFERROR(_xlfn.XLOOKUP(A56,Sheet2!$A$2:$A$1453,Sheet2!$F$2:$F$1453),_xlfn.XLOOKUP(A56,TEXT(Sheet2!$A$2:$A$1453,"0"),Sheet2!$F$2:$F$1453,""))} -> 26-7-2026 | G56: {=IFERROR(_xlfn.XLOOKUP(A56,Sheet2!$A$2:$A$1453,Sheet2!$G$2:$G$1453),_xlfn.XLOOKUP(A56,TEXT(Sheet2!$A$2:$A$1453,"0"),Sheet2!$G$2:$G$1453,""))} -> 6-8-2026
A57: 20309012314 | B57: {=IFERROR(_xlfn.XLOOKUP(A57,Sheet2!$A$2:$A$1453,Sheet2!$B$2:$B$1453),_xlfn.XLOOKUP(A57,TEXT(Sheet2!$A$2:$A$1453,"0"),Sheet2!$B$2:$B$1453,""))} -> PANTENE SHAMPOO SHEER VALUME 37 | C57: 14.84 | D57: {=_xlfn.LET(_xlpm.v,IFERROR(_xlfn.XLOOKUP(A57,Sheet2!$A$2:$A$1453,Sheet2!$D$2:$D$1453),_xlfn.XLOOKUP(A57,TEXT(Sheet2!$A$2:$A$1453,"0"),Sheet2!$D$2:$D$1453,"")),IF(_xlpm.v="","",IF(_xlpm.v<1,_xlpm.v*100,_xlpm.v)))} -> 15 | E57: =IF(D57="","",C57*(1-D57/100)) -> 12.614 | F57: {=IFERROR(_xlfn.XLOOKUP(A57,Sheet2!$A$2:$A$1453,Sheet2!$F$2:$F$1453),_xlfn.XLOOKUP(A57,TEXT(Sheet2!$A$2:$A$1453,"0"),Sheet2!$F$2:$F$1453,""))} -> 26-7-2026 | G57: {=IFERROR(_xlfn.XLOOKUP(A57,Sheet2!$A$2:$A$1453,Sheet2!$G$2:$G$1453),_xlfn.XLOOKUP(A57,TEXT(Sheet2!$A$2:$A$1453,"0"),Sheet2!$G$2:$G$1453,""))} -> 6-8-2026
A58: 20309012313 | B58: {=IFERROR(_xlfn.XLOOKUP(A58,Sheet2!$A$2:$A$1453,Sheet2!$B$2:$B$1453),_xlfn.XLOOKUP(A58,TEXT(Sheet2!$A$2:$A$1453,"0"),Sheet2!$B$2:$B$1453,""))} -> PANTENE SHAMPOO MILKY DAMAGE R | C58: 14.84 | D58: {=_xlfn.LET(_xlpm.v,IFERROR(_xlfn.XLOOKUP(A58,Sheet2!$A$2:$A$1453,Sheet2!$D$2:$D$1453),_xlfn.XLOOKUP(A58,TEXT(Sheet2!$A$2:$A$1453,"0"),Sheet2!$D$2:$D$1453,"")),IF(_xlpm.v="","",IF(_xlpm.v<1,_xlpm.v*100,_xlpm.v)))} -> 15 | E58: =IF(D58="","",C58*(1-D58/100)) -> 12.614 | F58: {=IFERROR(_xlfn.XLOOKUP(A58,Sheet2!$A$2:$A$1453,Sheet2!$F$2:$F$1453),_xlfn.XLOOKUP(A58,TEXT(Sheet2!$A$2:$A$1453,"0"),Sheet2!$F$2:$F$1453,""))} -> 26-7-2026 | G58: {=IFERROR(_xlfn.XLOOKUP(A58,Sheet2!$A$2:$A$1453,Sheet2!$G$2:$G$1453),_xlfn.XLOOKUP(A58,TEXT(Sheet2!$A$2:$A$1453,"0"),Sheet2!$G$2:$G$1453,""))} -> 6-8-2026
A59: 20309012312 | B59: {=IFERROR(_xlfn.XLOOKUP(A59,Sheet2!$A$2:$A$1453,Sheet2!$B$2:$B$1453),_xlfn.XLOOKUP(A59,TEXT(Sheet2!$A$2:$A$1453,"0"),Sheet2!$B$2:$B$1453,""))} -> PANTENE SHAMPOO ANTI DANDRUFF | C59: 14.84 | D59: {=_xlfn.LET(_xlpm.v,IFERROR(_xlfn.XLOOKUP(A59,Sheet2!$A$2:$A$1453,Sheet2!$D$2:$D$1453),_xlfn.XLOOKUP(A59,TEXT(Sheet2!$A$2:$A$1453,"0"),Sheet2!$D$2:$D$1453,"")),IF(_xlpm.v="","",IF(_xlpm.v<1,_xlpm.v*100,_xlpm.v)))} -> 15 | E59: =IF(D59="","",C59*(1-D59/100)) -> 12.614 | F59: {=IFERROR(_xlfn.XLOOKUP(A59,Sheet2!$A$2:$A$1453,Sheet2!$F$2:$F$1453),_xlfn.XLOOKUP(A59,TEXT(Sheet2!$A$2:$A$1453,"0"),Sheet2!$F$2:$F$1453,""))} -> 26-7-2026 | G59: {=IFERROR(_xlfn.XLOOKUP(A59,Sheet2!$A$2:$A$1453,Sheet2!$G$2:$G$1453),_xlfn.XLOOKUP(A59,TEXT(Sheet2!$A$2:$A$1453,"0"),Sheet2!$G$2:$G$1453,""))} -> 6-8-2026
A60: 20309012311 | B60: {=IFERROR(_xlfn.XLOOKUP(A60,Sheet2!$A$2:$A$1453,Sheet2!$B$2:$B$1453),_xlfn.XLOOKUP(A60,TEXT(Sheet2!$A$2:$A$1453,"0"),Sheet2!$B$2:$B$1453,""))} -> PANTENE SHAMPOO ANTI HAIR FALL 3 | C60: 14.84 | D60: {=_xlfn.LET(_xlpm.v,IFERROR(_xlfn.XLOOKUP(A60,Sheet2!$A$2:$A$1453,Sheet2!$D$2:$D$1453),_xlfn.XLOOKUP(A60,TEXT(Sheet2!$A$2:$A$1453,"0"),Sheet2!$D$2:$D$1453,"")),IF(_xlpm.v="","",IF(_xlpm.v<1,_xlpm.v*100,_xlpm.v)))} -> 15 | E60: =IF(D60="","",C60*(1-D60/100)) -> 12.614 | F60: {=IFERROR(_xlfn.XLOOKUP(A60,Sheet2!$A$2:$A$1453,Sheet2!$F$2:$F$1453),_xlfn.XLOOKUP(A60,TEXT(Sheet2!$A$2:$A$1453,"0"),Sheet2!$F$2:$F$1453,""))} -> 26-7-2026 | G60: {=IFERROR(_xlfn.XLOOKUP(A60,Sheet2!$A$2:$A$1453,Sheet2!$G$2:$G$1453),_xlfn.XLOOKUP(A60,TEXT(Sheet2!$A$2:$A$1453,"0"),Sheet2!$G$2:$G$1453,""))} -> 6-8-2026
A61: 20309012310 | B61: {=IFERROR(_xlfn.XLOOKUP(A61,Sheet2!$A$2:$A$1453,Sheet2!$B$2:$B$1453),_xlfn.XLOOKUP(A61,TEXT(Sheet2!$A$2:$A$1453,"0"),Sheet2!$B$2:$B$1453,""))} -> PANTENE SHAMPOO SMOOTH & SILKY | C61: 14.84 | D61: {=_xlfn.LET(_xlpm.v,IFERROR(_xlfn.XLOOKUP(A61,Sheet2!$A$2:$A$1453,Sheet2!$D$2:$D$1453),_xlfn.XLOOKUP(A61,TEXT(Sheet2!$A$2:$A$1453,"0"),Sheet2!$D$2:$D$1453,"")),IF(_xlpm.v="","",IF(_xlpm.v<1,_xlpm.v*100,_xlpm.v)))} -> 15 | E61: =IF(D61="","",C61*(1-D61/100)) -> 12.614 | F61: {=IFERROR(_xlfn.XLOOKUP(A61,Sheet2!$A$2:$A$1453,Sheet2!$F$2:$F$1453),_xlfn.XLOOKUP(A61,TEXT(Sheet2!$A$2:$A$1453,"0"),Sheet2!$F$2:$F$1453,""))} -> 26-7-2026 | G61: {=IFERROR(_xlfn.XLOOKUP(A61,Sheet2!$A$2:$A$1453,Sheet2!$G$2:$G$1453),_xlfn.XLOOKUP(A61,TEXT(Sheet2!$A$2:$A$1453,"0"),Sheet2!$G$2:$G$1453,""))} -> 6-8-2026
A62: 20309012233 | B62: {=IFERROR(_xlfn.XLOOKUP(A62,Sheet2!$A$2:$A$1453,Sheet2!$B$2:$B$1453),_xlfn.XLOOKUP(A62,TEXT(Sheet2!$A$2:$A$1453,"0"),Sheet2!$B$2:$B$1453,""))} -> PANTENE SHAMPO CURLYSTIC 400 ML | C62: 31.79 | D62: {=_xlfn.LET(_xlpm.v,IFERROR(_xlfn.XLOOKUP(A62,Sheet2!$A$2:$A$1453,Sheet2!$D$2:$D$1453),_xlfn.XLOOKUP(A62,TEXT(Sheet2!$A$2:$A$1453,"0"),Sheet2!$D$2:$D$1453,"")),IF(_xlpm.v="","",IF(_xlpm.v<1,_xlpm.v*100,_xlpm.v)))} -> 15 | E62: =IF(D62="","",C62*(1-D62/100)) -> 27.0215 | F62: {=IFERROR(_xlfn.XLOOKUP(A62,Sheet2!$A$2:$A$1453,Sheet2!$F$2:$F$1453),_xlfn.XLOOKUP(A62,TEXT(Sheet2!$A$2:$A$1453,"0"),Sheet2!$F$2:$F$1453,""))} -> 26-7-2026 | G62: {=IFERROR(_xlfn.XLOOKUP(A62,Sheet2!$A$2:$A$1453,Sheet2!$G$2:$G$1453),_xlfn.XLOOKUP(A62,TEXT(Sheet2!$A$2:$A$1453,"0"),Sheet2!$G$2:$G$1453,""))} -> 6-8-2026
A63: 20309012212 | B63: {=IFERROR(_xlfn.XLOOKUP(A63,Sheet2!$A$2:$A$1453,Sheet2!$B$2:$B$1453),_xlfn.XLOOKUP(A63,TEXT(Sheet2!$A$2:$A$1453,"0"),Sheet2!$B$2:$B$1453,""))} -> HERBAL ESSNS SHAMPO PURE ALOE&AVOCADO 400 ML | C63: 27.6 | D63: {=_xlfn.LET(_xlpm.v,IFERROR(_xlfn.XLOOKUP(A63,Sheet2!$A$2:$A$1453,Sheet2!$D$2:$D$1453),_xlfn.XLOOKUP(A63,TEXT(Sheet2!$A$2:$A$1453,"0"),Sheet2!$D$2:$D$1453,"")),IF(_xlpm.v="","",IF(_xlpm.v<1,_xlpm.v*100,_xlpm.v)))} -> 15 | E63: =IF(D63="","",C63*(1-D63/100)) -> 23.46 | F63: {=IFERROR(_xlfn.XLOOKUP(A63,Sheet2!$A$2:$A$1453,Sheet2!$F$2:$F$1453),_xlfn.XLOOKUP(A63,TEXT(Sheet2!$A$2:$A$1453,"0"),Sheet2!$F$2:$F$1453,""))} -> 26-7-2026 | G63: {=IFERROR(_xlfn.XLOOKUP(A63,Sheet2!$A$2:$A$1453,Sheet2!$G$2:$G$1453),_xlfn.XLOOKUP(A63,TEXT(Sheet2!$A$2:$A$1453,"0"),Sheet2!$G$2:$G$1453,""))} -> 6-8-2026
A64: 20309011950 | B64: {=IFERROR(_xlfn.XLOOKUP(A64,Sheet2!$A$2:$A$1453,Sheet2!$B$2:$B$1453),_xlfn.XLOOKUP(A64,TEXT(Sheet2!$A$2:$A$1453,"0"),Sheet2!$B$2:$B$1453,""))} -> Pantene hair shampo daily care 1000ml 61775 | C64: 42.11 | D64: {=_xlfn.LET(_xlpm.v,IFERROR(_xlfn.XLOOKUP(A64,Sheet2!$A$2:$A$1453,Sheet2!$D$2:$D$1453),_xlfn.XLOOKUP(A64,TEXT(Sheet2!$A$2:$A$1453,"0"),Sheet2!$D$2:$D$1453,"")),IF(_xlpm.v="","",IF(_xlpm.v<1,_xlpm.v*100,_xlpm.v)))} -> 15 | E64: =IF(D64="","",C64*(1-D64/100)) -> 35.7935 | F64: {=IFERROR(_xlfn.XLOOKUP(A64,Sheet2!$A$2:$A$1453,Sheet2!$F$2:$F$1453),_xlfn.XLOOKUP(A64,TEXT(Sheet2!$A$2:$A$1453,"0"),Sheet2!$F$2:$F$1453,""))} -> 26-7-2026 | G64: {=IFERROR(_xlfn.XLOOKUP(A64,Sheet2!$A$2:$A$1453,Sheet2!$G$2:$G$1453),_xlfn.XLOOKUP(A64,TEXT(Sheet2!$A$2:$A$1453,"0"),Sheet2!$G$2:$G$1453,""))} -> 6-8-2026
A65: 20309011949 | B65: {=IFERROR(_xlfn.XLOOKUP(A65,Sheet2!$A$2:$A$1453,Sheet2!$B$2:$B$1453),_xlfn.XLOOKUP(A65,TEXT(Sheet2!$A$2:$A$1453,"0"),Sheet2!$B$2:$B$1453,""))} -> Pantene hair shampo smooth&silky 1000ml 43827 | C65: 42.11 | D65: {=_xlfn.LET(_xlpm.v,IFERROR(_xlfn.XLOOKUP(A65,Sheet2!$A$2:$A$1453,Sheet2!$D$2:$D$1453),_xlfn.XLOOKUP(A65,TEXT(Sheet2!$A$2:$A$1453,"0"),Sheet2!$D$2:$D$1453,"")),IF(_xlpm.v="","",IF(_xlpm.v<1,_xlpm.v*100,_xlpm.v)))} -> 15 | E65: =IF(D65="","",C65*(1-D65/100)) -> 35.7935 | F65: {=IFERROR(_xlfn.XLOOKUP(A65,Sheet2!$A$2:$A$1453,Sheet2!$F$2:$F$1453),_xlfn.XLOOKUP(A65,TEXT(Sheet2!$A$2:$A$1453,"0"),Sheet2!$F$2:$F$1453,""))} -> 26-7-2026 | G65: {=IFERROR(_xlfn.XLOOKUP(A65,Sheet2!$A$2:$A$1453,Sheet2!$G$2:$G$1453),_xlfn.XLOOKUP(A65,TEXT(Sheet2!$A$2:$A$1453,"0"),Sheet2!$G$2:$G$1453,""))} -> 6-8-2026
A66: 20309011948 | B66: {=IFERROR(_xlfn.XLOOKUP(A66,Sheet2!$A$2:$A$1453,Sheet2!$B$2:$B$1453),_xlfn.XLOOKUP(A66,TEXT(Sheet2!$A$2:$A$1453,"0"),Sheet2!$B$2:$B$1453,""))} -> Pantene hair shampo anti hair fall 1000ml 44046 | C66: 50.74 | D66: {=_xlfn.LET(_xlpm.v,IFERROR(_xlfn.XLOOKUP(A66,Sheet2!$A$2:$A$1453,Sheet2!$D$2:$D$1453),_xlfn.XLOOKUP(A66,TEXT(Sheet2!$A$2:$A$1453,"0"),Sheet2!$D$2:$D$1453,"")),IF(_xlpm.v="","",IF(_xlpm.v<1,_xlpm.v*100,_xlpm.v)))} -> 15 | E66: =IF(D66="","",C66*(1-D66/100)) -> 43.129 | F66: {=IFERROR(_xlfn.XLOOKUP(A66,Sheet2!$A$2:$A$1453,Sheet2!$F$2:$F$1453),_xlfn.XLOOKUP(A66,TEXT(Sheet2!$A$2:$A$1453,"0"),Sheet2!$F$2:$F$1453,""))} -> 26-7-2026 | G66: {=IFERROR(_xlfn.XLOOKUP(A66,Sheet2!$A$2:$A$1453,Sheet2!$G$2:$G$1453),_xlfn.XLOOKUP(A66,TEXT(Sheet2!$A$2:$A$1453,"0"),Sheet2!$G$2:$G$1453,""))} -> 6-8-2026
... A77: 20309010073 | B77: {=IFERROR(_xlfn.XLOOKUP(A77,Sheet2!$A$2:$A$1453,Sheet2!$B$2:$B$1453),_xlfn.XLOOKUP(A77,TEXT(Sheet2!$A$2:$A$1453,"0"),Sheet2!$B$2:$B$1453,""))} -> HERBALSHAMPO IGNITE MYCOLOR 400ML | C77: 17.7 | D77: {=_xlfn.LET(_xlpm.v,IFERROR(_xlfn.XLOOKUP(A77,Sheet2!$A$2:$A$1453,Sheet2!$D$2:$D$1453),_xlfn.XLOOKUP(A77,TEXT(Sheet2!$A$2:$A$1453,"0"),Sheet2!$D$2:$D$1453,"")),IF(_xlpm.v="","",IF(_xlpm.v<1,_xlpm.v*100,_xlpm.v)))} -> 15 | E77: =IF(D77="","",C77*(1-D77/100)) -> 15.045 | F77: {=IFERROR(_xlfn.XLOOKUP(A77,Sheet2!$A$2:$A$1453,Sheet2!$F$2:$F$1453),_xlfn.XLOOKUP(A77,TEXT(Sheet2!$A$2:$A$1453,"0"),Sheet2!$F$2:$F$1453,""))} -> 26-7-2026 | G77: {=IFERROR(_xlfn.XLOOKUP(A77,Sheet2!$A$2:$A$1453,Sheet2!$G$2:$G$1453),_xlfn.XLOOKUP(A77,TEXT(Sheet2!$A$2:$A$1453,"0"),Sheet2!$G$2:$G$1453,""))} -> 6-8-2026
A78: 2-09-023-009 | B78: {=IFERROR(_xlfn.XLOOKUP(A78,Sheet2!$A$2:$A$1453,Sheet2!$B$2:$B$1453),_xlfn.XLOOKUP(A78,TEXT(Sheet2!$A$2:$A$1453,"0"),Sheet2!$B$2:$B$1453,""))} -> QVBABYMOISTURISINGCREAMap | C78: 71.3 | D78: {=_xlfn.LET(_xlpm.v,IFERROR(_xlfn.XLOOKUP(A78,Sheet2!$A$2:$A$1453,Sheet2!$D$2:$D$1453),_xlfn.XLOOKUP(A78,TEXT(Sheet2!$A$2:$A$1453,"0"),Sheet2!$D$2:$D$1453,"")),IF(_xlpm.v="","",IF(_xlpm.v<1,_xlpm.v*100,_xlpm.v)))} -> 20 | E78: =IF(D78="","",C78*(1-D78/100)) -> 57.04 | F78: {=IFERROR(_xlfn.XLOOKUP(A78,Sheet2!$A$2:$A$1453,Sheet2!$F$2:$F$1453),_xlfn.XLOOKUP(A78,TEXT(Sheet2!$A$2:$A$1453,"0"),Sheet2!$F$2:$F$1453,""))} -> 26-7-2026 | G78: {=IFERROR(_xlfn.XLOOKUP(A78,Sheet2!$A$2:$A$1453,Sheet2!$G$2:$G$1453),_xlfn.XLOOKUP(A78,TEXT(Sheet2!$A$2:$A$1453,"0"),Sheet2!$G$2:$G$1453,""))} -> 6-8-2026
A79: 20309011810 | B79: {=IFERROR(_xlfn.XLOOKUP(A79,Sheet2!$A$2:$A$1453,Sheet2!$B$2:$B$1453),_xlfn.XLOOKUP(A79,TEXT(Sheet2!$A$2:$A$1453,"0"),Sheet2!$B$2:$B$1453,""))} -> HERBAL ESSENCES SHAMPO WHITE STRAWBERRY&SWEET MINT 400ML | C79: 21.75 | D79: {=_xlfn.LET(_xlpm.v,IFERROR(_xlfn.XLOOKUP(A79,Sheet2!$A$2:$A$1453,Sheet2!$D$2:$D$1453),_xlfn.XLOOKUP(A79,TEXT(Sheet2!$A$2:$A$1453,"0"),Sheet2!$D$2:$D$1453,"")),IF(_xlpm.v="","",IF(_xlpm.v<1,_xlpm.v*100,_xlpm.v)))} -> 15 | E79: =IF(D79="","",C79*(1-D79/100)) -> 18.4875 | F79: {=IFERROR(_xlfn.XLOOKUP(A79,Sheet2!$A$2:$A$1453,Sheet2!$F$2:$F$1453),_xlfn.XLOOKUP(A79,TEXT(Sheet2!$A$2:$A$1453,"0"),Sheet2!$F$2:$F$1453,""))} -> 26-7-2026 | G79: {=IFERROR(_xlfn.XLOOKUP(A79,Sheet2!$A$2:$A$1453,Sheet2!$G$2:$G$1453),_xlfn.XLOOKUP(A79,TEXT(Sheet2!$A$2:$A$1453,"0"),Sheet2!$G$2:$G$1453,""))} -> 6-8-2026
A80: 20315040158 | B80: {=IFERROR(_xlfn.XLOOKUP(A80,Sheet2!$A$2:$A$1453,Sheet2!$B$2:$B$1453),_xlfn.XLOOKUP(A80,TEXT(Sheet2!$A$2:$A$1453,"0"),Sheet2!$B$2:$B$1453,""))} -> AVENT SCF634/27 CLASSIC PLUS TEATS | C80: 44.02 | D80: {=_xlfn.LET(_xlpm.v,IFERROR(_xlfn.XLOOKUP(A80,Sheet2!$A$2:$A$1453,Sheet2!$D$2:$D$1453),_xlfn.XLOOKUP(A80,TEXT(Sheet2!$A$2:$A$1453,"0"),Sheet2!$D$2:$D$1453,"")),IF(_xlpm.v="","",IF(_xlpm.v<1,_xlpm.v*100,_xlpm.v)))} -> 15 | E80: =IF(D80="","",C80*(1-D80/100)) -> 37.417 | F80: {=IFERROR(_xlfn.XLOOKUP(A80,Sheet2!$A$2:$A$1453,Sheet2!$F$2:$F$1453),_xlfn.XLOOKUP(A80,TEXT(Sheet2!$A$2:$A$1453,"0"),Sheet2!$F$2:$F$1453,""))} -> 26-7-2026 | G80: {=IFERROR(_xlfn.XLOOKUP(A80,Sheet2!$A$2:$A$1453,Sheet2!$G$2:$G$1453),_xlfn.XLOOKUP(A80,TEXT(Sheet2!$A$2:$A$1453,"0"),Sheet2!$G$2:$G$1453,""))} -> 6-8-2026
A81: 2-09-157-025 | B81: {=IFERROR(_xlfn.XLOOKUP(A81,Sheet2!$A$2:$A$1453,Sheet2!$B$2:$B$1453),_xlfn.XLOOKUP(A81,TEXT(Sheet2!$A$2:$A$1453,"0"),Sheet2!$B$2:$B$1453,""))} -> UNIDOVE CLEANSING FOAM 150 ML/CO | C81: 126.5 | D81: {=_xlfn.LET(_xlpm.v,IFERROR(_xlfn.XLOOKUP(A81,Sheet2!$A$2:$A$1453,Sheet2!$D$2:$D$1453),_xlfn.XLOOKUP(A81,TEXT(Sheet2!$A$2:$A$1453,"0"),Sheet2!$D$2:$D$1453,"")),IF(_xlpm.v="","",IF(_xlpm.v<1,_xlpm.v*100,_xlpm.v)))} -> 20 | E81: =IF(D81="","",C81*(1-D81/100)) -> 101.2 | F81: {=IFERROR(_xlfn.XLOOKUP(A81,Sheet2!$A$2:$A$1453,Sheet2!$F$2:$F$1453),_xlfn.XLOOKUP(A81,TEXT(Sheet2!$A$2:$A$1453,"0"),Sheet2!$F$2:$F$1453,""))} -> 26-7-2026 | G81: {=IFERROR(_xlfn.XLOOKUP(A81,Sheet2!$A$2:$A$1453,Sheet2!$G$2:$G$1453),_xlfn.XLOOKUP(A81,TEXT(Sheet2!$A$2:$A$1453,"0"),Sheet2!$G$2:$G$1453,""))} -> 6-8-2026
A82: 20315040829 | B82: {=IFERROR(_xlfn.XLOOKUP(A82,Sheet2!$A$2:$A$1453,Sheet2!$B$2:$B$1453),_xlfn.XLOOKUP(A82,TEXT(Sheet2!$A$2:$A$1453,"0"),Sheet2!$B$2:$B$1453,""))} -> AVENT NATURAL BOTTLE 125ML X1 900 | C82: 66.01 | D82: {=_xlfn.LET(_xlpm.v,IFERROR(_xlfn.XLOOKUP(A82,Sheet2!$A$2:$A$1453,Sheet2!$D$2:$D$1453),_xlfn.XLOOKUP(A82,TEXT(Sheet2!$A$2:$A$1453,"0"),Sheet2!$D$2:$D$1453,"")),IF(_xlpm.v="","",IF(_xlpm.v<1,_xlpm.v*100,_xlpm.v)))} -> 15 | E82: =IF(D82="","",C82*(1-D82/100)) -> 56.1085 | F82: {=IFERROR(_xlfn.XLOOKUP(A82,Sheet2!$A$2:$A$1453,Sheet2!$F$2:$F$1453),_xlfn.XLOOKUP(A82,TEXT(Sheet2!$A$2:$A$1453,"0"),Sheet2!$F$2:$F$1453,""))} -> 26-7-2026 | G82: {=IFERROR(_xlfn.XLOOKUP(A82,Sheet2!$A$2:$A$1453,Sheet2!$G$2:$G$1453),_xlfn.XLOOKUP(A82,TEXT(Sheet2!$A$2:$A$1453,"0"),Sheet2!$G$2:$G$1453,""))} -> 6-8-2026
A83: 20309503894 | B83: {=IFERROR(_xlfn.XLOOKUP(A83,Sheet2!$A$2:$A$1453,Sheet2!$B$2:$B$1453),_xlfn.XLOOKUP(A83,TEXT(Sheet2!$A$2:$A$1453,"0"),Sheet2!$B$2:$B$1453,""))} -> AVENT NATURAL 3 FEEDING BOTTLE GI | C83: 77 | D83: {=_xlfn.LET(_xlpm.v,IFERROR(_xlfn.XLOOKUP(A83,Sheet2!$A$2:$A$1453,Sheet2!$D$2:$D$1453),_xlfn.XLOOKUP(A83,TEXT(Sheet2!$A$2:$A$1453,"0"),Sheet2!$D$2:$D$1453,"")),IF(_xlpm.v="","",IF(_xlpm.v<1,_xlpm.v*100,_xlpm.v)))} -> 15 | E83: =IF(D83="","",C83*(1-D83/100)) -> 65.45 | F83: {=IFERROR(_xlfn.XLOOKUP(A83,Sheet2!$A$2:$A$1453,Sheet2!$F$2:$F$1453),_xlfn.XLOOKUP(A83,TEXT(Sheet2!$A$2:$A$1453,"0"),Sheet2!$F$2:$F$1453,""))} -> 26-7-2026 | G83: {=IFERROR(_xlfn.XLOOKUP(A83,Sheet2!$A$2:$A$1453,Sheet2!$G$2:$G$1453),_xlfn.XLOOKUP(A83,TEXT(Sheet2!$A$2:$A$1453,"0"),Sheet2!$G$2:$G$1453,""))} -> 6-8-2026
A84: 20315040827 | B84: {=IFERROR(_xlfn.XLOOKUP(A84,Sheet2!$A$2:$A$1453,Sheet2!$B$2:$B$1453),_xlfn.XLOOKUP(A84,TEXT(Sheet2!$A$2:$A$1453,"0"),Sheet2!$B$2:$B$1453,""))} -> AVENT 376/14 SOOTHER SILICON ULTRA | C84: 57.01 | D84: {=_xlfn.LET(_xlpm.v,IFERROR(_xlfn.XLOOKUP(A84,Sheet2!$A$2:$A$1453,Sheet2!$D$2:$D$1453),_xlfn.XLOOKUP(A84,TEXT(Sheet2!$A$2:$A$1453,"0"),Sheet2!$D$2:$D$1453,"")),IF(_xlpm.v="","",IF(_xlpm.v<1,_xlpm.v*100,_xlpm.v)))} -> 15 | E84: =IF(D84="","",C84*(1-D84/100)) -> 48.4585 | F84: {=IFERROR(_xlfn.XLOOKUP(A84,Sheet2!$A$2:$A$1453,Sheet2!$F$2:$F$1453),_xlfn.XLOOKUP(A84,TEXT(Sheet2!$A$2:$A$1453,"0"),Sheet2!$F$2:$F$1453,""))} -> 26-7-2026 | G84: {=IFERROR(_xlfn.XLOOKUP(A84,Sheet2!$A$2:$A$1453,Sheet2!$G$2:$G$1453),_xlfn.XLOOKUP(A84,TEXT(Sheet2!$A$2:$A$1453,"0"),Sheet2!$G$2:$G$1453,""))} -> 6-8-2026
A85: 20315040736 | B85: {=IFERROR(_xlfn.XLOOKUP(A85,Sheet2!$A$2:$A$1453,Sheet2!$B$2:$B$1453),_xlfn.XLOOKUP(A85,TEXT(Sheet2!$A$2:$A$1453,"0"),Sheet2!$B$2:$B$1453,""))} -> AVENT 135/07 MILK POWDER DISPENSER | C85: 53.02 | D85: {=_xlfn.LET(_xlpm.v,IFERROR(_xlfn.XLOOKUP(A85,Sheet2!$A$2:$A$1453,Sheet2!$D$2:$D$1453),_xlfn.XLOOKUP(A85,TEXT(Sheet2!$A$2:$A$1453,"0"),Sheet2!$D$2:$D$1453,"")),IF(_xlpm.v="","",IF(_xlpm.v<1,_xlpm.v*100,_xlpm.v)))} -> 15 | E85: =IF(D85="","",C85*(1-D85/100)) -> 45.067 | F85: {=IFERROR(_xlfn.XLOOKUP(A85,Sheet2!$A$2:$A$1453,Sheet2!$F$2:$F$1453),_xlfn.XLOOKUP(A85,TEXT(Sheet2!$A$2:$A$1453,"0"),Sheet2!$F$2:$F$1453,""))} -> 26-7-2026 | G85: {=IFERROR(_xlfn.XLOOKUP(A85,Sheet2!$A$2:$A$1453,Sheet2!$G$2:$G$1453),_xlfn.XLOOKUP(A85,TEXT(Sheet2!$A$2:$A$1453,"0"),Sheet2!$G$2:$G$1453,""))} -> 6-8-2026
A86: 20309503891 | B86: {=IFERROR(_xlfn.XLOOKUP(A86,Sheet2!$A$2:$A$1453,Sheet2!$B$2:$B$1453),_xlfn.XLOOKUP(A86,TEXT(Sheet2!$A$2:$A$1453,"0"),Sheet2!$B$2:$B$1453,""))} -> AVENT 106/01 ANTI-COLIC BOTTLE 330 M | C86: 63.02 | D86: {=_xlfn.LET(_xlpm.v,IFERROR(_xlfn.XLOOKUP(A86,Sheet2!$A$2:$A$1453,Sheet2!$D$2:$D$1453),_xlfn.XLOOKUP(A86,TEXT(Sheet2!$A$2:$A$1453,"0"),Sheet2!$D$2:$D$1453,"")),IF(_xlpm.v="","",IF(_xlpm.v<1,_xlpm.v*100,_xlpm.v)))} -> 15 | E86: =IF(D86="","",C86*(1-D86/100)) -> 53.567 | F86: {=IFERROR(_xlfn.XLOOKUP(A86,Sheet2!$A$2:$A$1453,Sheet2!$F$2:$F$1453),_xlfn.XLOOKUP(A86,TEXT(Sheet2!$A$2:$A$1453,"0"),Sheet2!$F$2:$F$1453,""))} -> 26-7-2026 | G86: {=IFERROR(_xlfn.XLOOKUP(A86,Sheet2!$A$2:$A$1453,Sheet2!$G$2:$G$1453),_xlfn.XLOOKUP(A86,TEXT(Sheet2!$A$2:$A$1453,"0"),Sheet2!$G$2:$G$1453,""))} -> 6-8-2026
A87: 20309503890 | B87: {=IFERROR(_xlfn.XLOOKUP(A87,Sheet2!$A$2:$A$1453,Sheet2!$B$2:$B$1453),_xlfn.XLOOKUP(A87,TEXT(Sheet2!$A$2:$A$1453,"0"),Sheet2!$B$2:$B$1453,""))} -> AVENT 100/01 ANTI-COLIC BOTTLE 125 M | C87: 48.01 | D87: {=_xlfn.LET(_xlpm.v,IFERROR(_xlfn.XLOOKUP(A87,Sheet2!$A$2:$A$1453,Sheet2!$D$2:$D$1453),_xlfn.XLOOKUP(A87,TEXT(Sheet2!$A$2:$A$1453,"0"),Sheet2!$D$2:$D$1453,"")),IF(_xlpm.v="","",IF(_xlpm.v<1,_xlpm.v*100,_xlpm.v)))} -> 15 | E87: =IF(D87="","",C87*(1-D87/100)) -> 40.8085 | F87: {=IFERROR(_xlfn.XLOOKUP(A87,Sheet2!$A$2:$A$1453,Sheet2!$F$2:$F$1453),_xlfn.XLOOKUP(A87,TEXT(Sheet2!$A$2:$A$1453,"0"),Sheet2!$F$2:$F$1453,""))} -> 26-7-2026 | G87: {=IFERROR(_xlfn.XLOOKUP(A87,Sheet2!$A$2:$A$1453,Sheet2!$G$2:$G$1453),_xlfn.XLOOKUP(A87,TEXT(Sheet2!$A$2:$A$1453,"0"),Sheet2!$G$2:$G$1453,""))} -> 6-8-2026
A88: 20315040178 | B88: {=IFERROR(_xlfn.XLOOKUP(A88,Sheet2!$A$2:$A$1453,Sheet2!$B$2:$B$1453),_xlfn.XLOOKUP(A88,TEXT(Sheet2!$A$2:$A$1453,"0"),Sheet2!$B$2:$B$1453,""))} -> AVENT 085/61 ULTRA AIR PACIFIER 6-18M | C88: 55 | D88: {=_xlfn.LET(_xlpm.v,IFERROR(_xlfn.XLOOKUP(A88,Sheet2!$A$2:$A$1453,Sheet2!$D$2:$D$1453),_xlfn.XLOOKUP(A88,TEXT(Sheet2!$A$2:$A$1453,"0"),Sheet2!$D$2:$D$1453,"")),IF(_xlpm.v="","",IF(_xlpm.v<1,_xlpm.v*100,_xlpm.v)))} -> 15 | E88: =IF(D88="","",C88*(1-D88/100)) -> 46.75 | F88: {=IFERROR(_xlfn.XLOOKUP(A88,Sheet2!$A$2:$A$1453,Sheet2!$F$2:$F$1453),_xlfn.XLOOKUP(A88,TEXT(Sheet2!$A$2:$A$1453,"0"),Sheet2!$F$2:$F$1453,""))} -> 26-7-2026 | G88: {=IFERROR(_xlfn.XLOOKUP(A88,Sheet2!$A$2:$A$1453,Sheet2!$G$2:$G$1453),_xlfn.XLOOKUP(A88,TEXT(Sheet2!$A$2:$A$1453,"0"),Sheet2!$G$2:$G$1453,""))} -> 6-8-2026
A89: 20315040826 | B89: {=IFERROR(_xlfn.XLOOKUP(A89,Sheet2!$A$2:$A$1453,Sheet2!$B$2:$B$1453),_xlfn.XLOOKUP(A89,TEXT(Sheet2!$A$2:$A$1453,"0"),Sheet2!$B$2:$B$1453,""))} -> AVENT 085/60 SOOTHER SILICON PACIFI | C89: 55 | D89: {=_xlfn.LET(_xlpm.v,IFERROR(_xlfn.XLOOKUP(A89,Sheet2!$A$2:$A$1453,Sheet2!$D$2:$D$1453),_xlfn.XLOOKUP(A89,TEXT(Sheet2!$A$2:$A$1453,"0"),Sheet2!$D$2:$D$1453,"")),IF(_xlpm.v="","",IF(_xlpm.v<1,_xlpm.v*100,_xlpm.v)))} -> 15 | E89: =IF(D89="","",C89*(1-D89/100)) -> 46.75 | F89: {=IFERROR(_xlfn.XLOOKUP(A89,Sheet2!$A$2:$A$1453,Sheet2!$F$2:$F$1453),_xlfn.XLOOKUP(A89,TEXT(Sheet2!$A$2:$A$1453,"0"),Sheet2!$F$2:$F$1453,""))} -> 26-7-2026 | G89: {=IFERROR(_xlfn.XLOOKUP(A89,Sheet2!$A$2:$A$1453,Sheet2!$G$2:$G$1453),_xlfn.XLOOKUP(A89,TEXT(Sheet2!$A$2:$A$1453,"0"),Sheet2!$G$2:$G$1453,""))} -> 6-8-2026
A90: 20309503896 | B90: {=IFERROR(_xlfn.XLOOKUP(A90,Sheet2!$A$2:$A$1453,Sheet2!$B$2:$B$1453),_xlfn.XLOOKUP(A90,TEXT(Sheet2!$A$2:$A$1453,"0"),Sheet2!$B$2:$B$1453,""))} -> AVENT NATURAL 3 FEEDING TEATS THI | C90: 48.01 | D90: {=_xlfn.LET(_xlpm.v,IFERROR(_xlfn.XLOOKUP(A90,Sheet2!$A$2:$A$1453,Sheet2!$D$2:$D$1453),_xlfn.XLOOKUP(A90,TEXT(Sheet2!$A$2:$A$1453,"0"),Sheet2!$D$2:$D$1453,"")),IF(_xlpm.v="","",IF(_xlpm.v<1,_xlpm.v*100,_xlpm.v)))} -> 15 | E90: =IF(D90="","",C90*(1-D90/100)) -> 40.8085 | F90: {=IFERROR(_xlfn.XLOOKUP(A90,Sheet2!$A$2:$A$1453,Sheet2!$F$2:$F$1453),_xlfn.XLOOKUP(A90,TEXT(Sheet2!$A$2:$A$1453,"0"),Sheet2!$F$2:$F$1453,""))} -> 26-7-2026 | G90: {=IFERROR(_xlfn.XLOOKUP(A90,Sheet2!$A$2:$A$1453,Sheet2!$G$2:$G$1453),_xlfn.XLOOKUP(A90,TEXT(Sheet2!$A$2:$A$1453,"0"),Sheet2!$G$2:$G$1453,""))} -> 6-8-2026
A91: 20309503895 | B91: {=IFERROR(_xlfn.XLOOKUP(A91,Sheet2!$A$2:$A$1453,Sheet2!$B$2:$B$1453),_xlfn.XLOOKUP(A91,TEXT(Sheet2!$A$2:$A$1453,"0"),Sheet2!$B$2:$B$1453,""))} -> AVENT NATURAL 3 FEEDING TEATS 3 M | C91: 48.01 | D91: {=_xlfn.LET(_xlpm.v,IFERROR(_xlfn.XLOOKUP(A91,Sheet2!$A$2:$A$1453,Sheet2!$D$2:$D$1453),_xlfn.XLOOKUP(A91,TEXT(Sheet2!$A$2:$A$1453,"0"),Sheet2!$D$2:$D$1453,"")),IF(_xlpm.v="","",IF(_xlpm.v<1,_xlpm.v*100,_xlpm.v)))} -> 15 | E91: =IF(D91="","",C91*(1-D91/100)) -> 40.8085 | F91: {=IFERROR(_xlfn.XLOOKUP(A91,Sheet2!$A$2:$A$1453,Sheet2!$F$2:$F$1453),_xlfn.XLOOKUP(A91,TEXT(Sheet2!$A$2:$A$1453,"0"),Sheet2!$F$2:$F$1453,""))} -> 26-7-2026 | G91: {=IFERROR(_xlfn.XLOOKUP(A91,Sheet2!$A$2:$A$1453,Sheet2!$G$2:$G$1453),_xlfn.XLOOKUP(A91,TEXT(Sheet2!$A$2:$A$1453,"0"),Sheet2!$G$2:$G$1453,""))} -> 6-8-2026
A92: 20309503893 | B92: {=IFERROR(_xlfn.XLOOKUP(A92,Sheet2!$A$2:$A$1453,Sheet2!$B$2:$B$1453),_xlfn.XLOOKUP(A92,TEXT(Sheet2!$A$2:$A$1453,"0"),Sheet2!$B$2:$B$1453,""))} -> AVENT NATURAL 3 FEEDING BOTTLE KO | C92: 77 | D92: {=_xlfn.LET(_xlpm.v,IFERROR(_xlfn.XLOOKUP(A92,Sheet2!$A$2:$A$1453,Sheet2!$D$2:$D$1453),_xlfn.XLOOKUP(A92,TEXT(Sheet2!$A$2:$A$1453,"0"),Sheet2!$D$2:$D$1453,"")),IF(_xlpm.v="","",IF(_xlpm.v<1,_xlpm.v*100,_xlpm.v)))} -> 15 | E92: =IF(D92="","",C92*(1-D92/100)) -> 65.45 | F92: {=IFERROR(_xlfn.XLOOKUP(A92,Sheet2!$A$2:$A$1453,Sheet2!$F$2:$F$1453),_xlfn.XLOOKUP(A92,TEXT(Sheet2!$A$2:$A$1453,"0"),Sheet2!$F$2:$F$1453,""))} -> 26-7-2026 | G92: {=IFERROR(_xlfn.XLOOKUP(A92,Sheet2!$A$2:$A$1453,Sheet2!$G$2:$G$1453),_xlfn.XLOOKUP(A92,TEXT(Sheet2!$A$2:$A$1453,"0"),Sheet2!$G$2:$G$1453,""))} -> 6-8-2026
A93: 20309503897 | B93: {=IFERROR(_xlfn.XLOOKUP(A93,Sheet2!$A$2:$A$1453,Sheet2!$B$2:$B$1453),_xlfn.XLOOKUP(A93,TEXT(Sheet2!$A$2:$A$1453,"0"),Sheet2!$B$2:$B$1453,""))} -> AVENT CLASSIC/CLASSIC PLUS TEATS | C93: 44.02 | D93: {=_xlfn.LET(_xlpm.v,IFERROR(_xlfn.XLOOKUP(A93,Sheet2!$A$2:$A$1453,Sheet2!$D$2:$D$1453),_xlfn.XLOOKUP(A93,TEXT(Sheet2!$A$2:$A$1453,"0"),Sheet2!$D$2:$D$1453,"")),IF(_xlpm.v="","",IF(_xlpm.v<1,_xlpm.v*100,_xlpm.v)))} -> 15 | E93: =IF(D93="","",C93*(1-D93/100)) -> 37.417 | F93: {=IFERROR(_xlfn.XLOOKUP(A93,Sheet2!$A$2:$A$1453,Sheet2!$F$2:$F$1453),_xlfn.XLOOKUP(A93,TEXT(Sheet2!$A$2:$A$1453,"0"),Sheet2!$F$2:$F$1453,""))} -> 26-7-2026 | G93: {=IFERROR(_xlfn.XLOOKUP(A93,Sheet2!$A$2:$A$1453,Sheet2!$G$2:$G$1453),_xlfn.XLOOKUP(A93,TEXT(Sheet2!$A$2:$A$1453,"0"),Sheet2!$G$2:$G$1453,""))} -> 6-8-2026
... A196: 30420013269 | B196: {=IFERROR(_xlfn.XLOOKUP(A196,Sheet2!$A$2:$A$1453,Sheet2!$B$2:$B$1453),_xlfn.XLOOKUP(A196,TEXT(Sheet2!$A$2:$A$1453,"0"),Sheet2!$B$2:$B$1453,""))} -> SASMAR PINA COLADA PERSONAL LUBRICANT 60ML PUMP | C196: 44 | D196: {=_xlfn.LET(_xlpm.v,IFERROR(_xlfn.XLOOKUP(A196,Sheet2!$A$2:$A$1453,Sheet2!$D$2:$D$1453),_xlfn.XLOOKUP(A196,TEXT(Sheet2!$A$2:$A$1453,"0"),Sheet2!$D$2:$D$1453,"")),IF(_xlpm.v="","",IF(_xlpm.v<1,_xlpm.v*100,_xlpm.v)))} -> 25 | E196: =IF(D196="","",C196*(1-D196/100)) -> 33 | F196: {=IFERROR(_xlfn.XLOOKUP(A196,Sheet2!$A$2:$A$1453,Sheet2!$F$2:$F$1453),_xlfn.XLOOKUP(A196,TEXT(Sheet2!$A$2:$A$1453,"0"),Sheet2!$F$2:$F$1453,""))} -> 26-7-2026 | G196: {=IFERROR(_xlfn.XLOOKUP(A196,Sheet2!$A$2:$A$1453,Sheet2!$G$2:$G$1453),_xlfn.XLOOKUP(A196,TEXT(Sheet2!$A$2:$A$1453,"0"),Sheet2!$G$2:$G$1453,""))} -> 6-8-2026
A197: 1-03-020-234 | B197: {=IFERROR(_xlfn.XLOOKUP(A197,Sheet2!$A$2:$A$1453,Sheet2!$B$2:$B$1453),_xlfn.XLOOKUP(A197,TEXT(Sheet2!$A$2:$A$1453,"0"),Sheet2!$B$2:$B$1453,""))} -> SALMON OIL 1000MG OMEGA3 60CAP | C197: 160 | D197: {=_xlfn.LET(_xlpm.v,IFERROR(_xlfn.XLOOKUP(A197,Sheet2!$A$2:$A$1453,Sheet2!$D$2:$D$1453),_xlfn.XLOOKUP(A197,TEXT(Sheet2!$A$2:$A$1453,"0"),Sheet2!$D$2:$D$1453,"")),IF(_xlpm.v="","",IF(_xlpm.v<1,_xlpm.v*100,_xlpm.v)))} -> 50 | E197: =IF(D197="","",C197*(1-D197/100)) -> 80 | F197: {=IFERROR(_xlfn.XLOOKUP(A197,Sheet2!$A$2:$A$1453,Sheet2!$F$2:$F$1453),_xlfn.XLOOKUP(A197,TEXT(Sheet2!$A$2:$A$1453,"0"),Sheet2!$F$2:$F$1453,""))} -> 26-7-2026 | G197: {=IFERROR(_xlfn.XLOOKUP(A197,Sheet2!$A$2:$A$1453,Sheet2!$G$2:$G$1453),_xlfn.XLOOKUP(A197,TEXT(Sheet2!$A$2:$A$1453,"0"),Sheet2!$G$2:$G$1453,""))} -> 6-8-2026
A198: 1-03-020-205 | B198: {=IFERROR(_xlfn.XLOOKUP(A198,Sheet2!$A$2:$A$1453,Sheet2!$B$2:$B$1453),_xlfn.XLOOKUP(A198,TEXT(Sheet2!$A$2:$A$1453,"0"),Sheet2!$B$2:$B$1453,""))} -> ROYAL JELLY 1000 mg/capsule, 30 CAPSULE/BOX | C198: 195 | D198: {=_xlfn.LET(_xlpm.v,IFERROR(_xlfn.XLOOKUP(A198,Sheet2!$A$2:$A$1453,Sheet2!$D$2:$D$1453),_xlfn.XLOOKUP(A198,TEXT(Sheet2!$A$2:$A$1453,"0"),Sheet2!$D$2:$D$1453,"")),IF(_xlpm.v="","",IF(_xlpm.v<1,_xlpm.v*100,_xlpm.v)))} -> 50 | E198: =IF(D198="","",C198*(1-D198/100)) -> 97.5 | F198: {=IFERROR(_xlfn.XLOOKUP(A198,Sheet2!$A$2:$A$1453,Sheet2!$F$2:$F$1453),_xlfn.XLOOKUP(A198,TEXT(Sheet2!$A$2:$A$1453,"0"),Sheet2!$F$2:$F$1453,""))} -> 26-7-2026 | G198: {=IFERROR(_xlfn.XLOOKUP(A198,Sheet2!$A$2:$A$1453,Sheet2!$G$2:$G$1453),_xlfn.XLOOKUP(A198,TEXT(Sheet2!$A$2:$A$1453,"0"),Sheet2!$G$2:$G$1453,""))} -> 6-8-2026
A199: 30420010301 | B199: {=IFERROR(_xlfn.XLOOKUP(A199,Sheet2!$A$2:$A$1453,Sheet2!$B$2:$B$1453),_xlfn.XLOOKUP(A199,TEXT(Sheet2!$A$2:$A$1453,"0"),Sheet2!$B$2:$B$1453,""))} -> MASCULAN GOLD LUXURY EDITIO | C199: 22 | D199: {=_xlfn.LET(_xlpm.v,IFERROR(_xlfn.XLOOKUP(A199,Sheet2!$A$2:$A$1453,Sheet2!$D$2:$D$1453),_xlfn.XLOOKUP(A199,TEXT(Sheet2!$A$2:$A$1453,"0"),Sheet2!$D$2:$D$1453,"")),IF(_xlpm.v="","",IF(_xlpm.v<1,_xlpm.v*100,_xlpm.v)))} -> 15 | E199: =IF(D199="","",C199*(1-D199/100)) -> 18.7 | F199: {=IFERROR(_xlfn.XLOOKUP(A199,Sheet2!$A$2:$A$1453,Sheet2!$F$2:$F$1453),_xlfn.XLOOKUP(A199,TEXT(Sheet2!$A$2:$A$1453,"0"),Sheet2!$F$2:$F$1453,""))} -> 26-7-2026 | G199: {=IFERROR(_xlfn.XLOOKUP(A199,Sheet2!$A$2:$A$1453,Sheet2!$G$2:$G$1453),_xlfn.XLOOKUP(A199,TEXT(Sheet2!$A$2:$A$1453,"0"),Sheet2!$G$2:$G$1453,""))} -> 6-8-2026
A200: 30420010295 | B200: {=IFERROR(_xlfn.XLOOKUP(A200,Sheet2!$A$2:$A$1453,Sheet2!$B$2:$B$1453),_xlfn.XLOOKUP(A200,TEXT(Sheet2!$A$2:$A$1453,"0"),Sheet2!$B$2:$B$1453,""))} -> MASCULAN CONDOM 3PCS RIBBED | C200: 17 | D200: {=_xlfn.LET(_xlpm.v,IFERROR(_xlfn.XLOOKUP(A200,Sheet2!$A$2:$A$1453,Sheet2!$D$2:$D$1453),_xlfn.XLOOKUP(A200,TEXT(Sheet2!$A$2:$A$1453,"0"),Sheet2!$D$2:$D$1453,"")),IF(_xlpm.v="","",IF(_xlpm.v<1,_xlpm.v*100,_xlpm.v)))} -> 15 | E200: =IF(D200="","",C200*(1-D200/100)) -> 14.45 | F200: {=IFERROR(_xlfn.XLOOKUP(A200,Sheet2!$A$2:$A$1453,Sheet2!$F$2:$F$1453),_xlfn.XLOOKUP(A200,TEXT(Sheet2!$A$2:$A$1453,"0"),Sheet2!$F$2:$F$1453,""))} -> 26-7-2026 | G200: {=IFERROR(_xlfn.XLOOKUP(A200,Sheet2!$A$2:$A$1453,Sheet2!$G$2:$G$1453),_xlfn.XLOOKUP(A200,TEXT(Sheet2!$A$2:$A$1453,"0"),Sheet2!$G$2:$G$1453,""))} -> 6-8-2026
A201: 30420010297 | B201: {=IFERROR(_xlfn.XLOOKUP(A201,Sheet2!$A$2:$A$1453,Sheet2!$B$2:$B$1453),_xlfn.XLOOKUP(A201,TEXT(Sheet2!$A$2:$A$1453,"0"),Sheet2!$B$2:$B$1453,""))} -> MASCULAN CONDOM 3 PCS.FRUIT | C201: 18.33 | D201: {=_xlfn.LET(_xlpm.v,IFERROR(_xlfn.XLOOKUP(A201,Sheet2!$A$2:$A$1453,Sheet2!$D$2:$D$1453),_xlfn.XLOOKUP(A201,TEXT(Sheet2!$A$2:$A$1453,"0"),Sheet2!$D$2:$D$1453,"")),IF(_xlpm.v="","",IF(_xlpm.v<1,_xlpm.v*100,_xlpm.v)))} -> 15 | E201: =IF(D201="","",C201*(1-D201/100)) -> 15.5805 | F201: {=IFERROR(_xlfn.XLOOKUP(A201,Sheet2!$A$2:$A$1453,Sheet2!$F$2:$F$1453),_xlfn.XLOOKUP(A201,TEXT(Sheet2!$A$2:$A$1453,"0"),Sheet2!$F$2:$F$1453,""))} -> 26-7-2026 | G201: {=IFERROR(_xlfn.XLOOKUP(A201,Sheet2!$A$2:$A$1453,Sheet2!$G$2:$G$1453),_xlfn.XLOOKUP(A201,TEXT(Sheet2!$A$2:$A$1453,"0"),Sheet2!$G$2:$G$1453,""))} -> 6-8-2026
A202: 30420011948 | B202: {=IFERROR(_xlfn.XLOOKUP(A202,Sheet2!$A$2:$A$1453,Sheet2!$B$2:$B$1453),_xlfn.XLOOKUP(A202,TEXT(Sheet2!$A$2:$A$1453,"0"),Sheet2!$B$2:$B$1453,""))} -> MASCULAN 3 CONDOM ANATOMIC | C202: 17 | D202: {=_xlfn.LET(_xlpm.v,IFERROR(_xlfn.XLOOKUP(A202,Sheet2!$A$2:$A$1453,Sheet2!$D$2:$D$1453),_xlfn.XLOOKUP(A202,TEXT(Sheet2!$A$2:$A$1453,"0"),Sheet2!$D$2:$D$1453,"")),IF(_xlpm.v="","",IF(_xlpm.v<1,_xlpm.v*100,_xlpm.v)))} -> 15 | E202: =IF(D202="","",C202*(1-D202/100)) -> 14.45 | F202: {=IFERROR(_xlfn.XLOOKUP(A202,Sheet2!$A$2:$A$1453,Sheet2!$F$2:$F$1453),_xlfn.XLOOKUP(A202,TEXT(Sheet2!$A$2:$A$1453,"0"),Sheet2!$F$2:$F$1453,""))} -> 26-7-2026 | G202: {=IFERROR(_xlfn.XLOOKUP(A202,Sheet2!$A$2:$A$1453,Sheet2!$G$2:$G$1453),_xlfn.XLOOKUP(A202,TEXT(Sheet2!$A$2:$A$1453,"0"),Sheet2!$G$2:$G$1453,""))} -> 6-8-2026
A203: 20309501378 | B203: {=IFERROR(_xlfn.XLOOKUP(A203,Sheet2!$A$2:$A$1453,Sheet2!$B$2:$B$1453),_xlfn.XLOOKUP(A203,TEXT(Sheet2!$A$2:$A$1453,"0"),Sheet2!$B$2:$B$1453,""))} -> Masculan Condom Gold 10PCS. 114180 | C203: 32 | D203: {=_xlfn.LET(_xlpm.v,IFERROR(_xlfn.XLOOKUP(A203,Sheet2!$A$2:$A$1453,Sheet2!$D$2:$D$1453),_xlfn.XLOOKUP(A203,TEXT(Sheet2!$A$2:$A$1453,"0"),Sheet2!$D$2:$D$1453,"")),IF(_xlpm.v="","",IF(_xlpm.v<1,_xlpm.v*100,_xlpm.v)))} -> 15 | E203: =IF(D203="","",C203*(1-D203/100)) -> 27.2 | F203: {=IFERROR(_xlfn.XLOOKUP(A203,Sheet2!$A$2:$A$1453,Sheet2!$F$2:$F$1453),_xlfn.XLOOKUP(A203,TEXT(Sheet2!$A$2:$A$1453,"0"),Sheet2!$F$2:$F$1453,""))} -> 26-7-2026 | G203: {=IFERROR(_xlfn.XLOOKUP(A203,Sheet2!$A$2:$A$1453,Sheet2!$G$2:$G$1453),_xlfn.XLOOKUP(A203,TEXT(Sheet2!$A$2:$A$1453,"0"),Sheet2!$G$2:$G$1453,""))} -> 6-8-2026
A204: 30420010292 | B204: {=IFERROR(_xlfn.XLOOKUP(A204,Sheet2!$A$2:$A$1453,Sheet2!$B$2:$B$1453),_xlfn.XLOOKUP(A204,TEXT(Sheet2!$A$2:$A$1453,"0"),Sheet2!$B$2:$B$1453,""))} -> MASCULAN CONDOM FRUIT 10PCS | C204: 28 | D204: {=_xlfn.LET(_xlpm.v,IFERROR(_xlfn.XLOOKUP(A204,Sheet2!$A$2:$A$1453,Sheet2!$D$2:$D$1453),_xlfn.XLOOKUP(A204,TEXT(Sheet2!$A$2:$A$1453,"0"),Sheet2!$D$2:$D$1453,"")),IF(_xlpm.v="","",IF(_xlpm.v<1,_xlpm.v*100,_xlpm.v)))} -> 15 | E204: =IF(D204="","",C204*(1-D204/100)) -> 23.8 | F204: {=IFERROR(_xlfn.XLOOKUP(A204,Sheet2!$A$2:$A$1453,Sheet2!$F$2:$F$1453),_xlfn.XLOOKUP(A204,TEXT(Sheet2!$A$2:$A$1453,"0"),Sheet2!$F$2:$F$1453,""))} -> 26-7-2026 | G204: {=IFERROR(_xlfn.XLOOKUP(A204,Sheet2!$A$2:$A$1453,Sheet2!$G$2:$G$1453),_xlfn.XLOOKUP(A204,TEXT(Sheet2!$A$2:$A$1453,"0"),Sheet2!$G$2:$G$1453,""))} -> 6-8-2026
A205: 1-03-187-228 | B205: {=IFERROR(_xlfn.XLOOKUP(A205,Sheet2!$A$2:$A$1453,Sheet2!$B$2:$B$1453),_xlfn.XLOOKUP(A205,TEXT(Sheet2!$A$2:$A$1453,"0"),Sheet2!$B$2:$B$1453,""))} -> NERVAN 500 mg/tablet, 30 TABLET/BOX | C205: 39.75 | D205: {=_xlfn.LET(_xlpm.v,IFERROR(_xlfn.XLOOKUP(A205,Sheet2!$A$2:$A$1453,Sheet2!$D$2:$D$1453),_xlfn.XLOOKUP(A205,TEXT(Sheet2!$A$2:$A$1453,"0"),Sheet2!$D$2:$D$1453,"")),IF(_xlpm.v="","",IF(_xlpm.v<1,_xlpm.v*100,_xlpm.v)))} -> 50 | E205: =IF(D205="","",C205*(1-D205/100)) -> 19.875 | F205: {=IFERROR(_xlfn.XLOOKUP(A205,Sheet2!$A$2:$A$1453,Sheet2!$F$2:$F$1453),_xlfn.XLOOKUP(A205,TEXT(Sheet2!$A$2:$A$1453,"0"),Sheet2!$F$2:$F$1453,""))} -> 26-7-2026 | G205: {=IFERROR(_xlfn.XLOOKUP(A205,Sheet2!$A$2:$A$1453,Sheet2!$G$2:$G$1453),_xlfn.XLOOKUP(A205,TEXT(Sheet2!$A$2:$A$1453,"0"),Sheet2!$G$2:$G$1453,""))} -> 6-8-2026
A206: 1-02-019-009 | B206: {=IFERROR(_xlfn.XLOOKUP(A206,Sheet2!$A$2:$A$1453,Sheet2!$B$2:$B$1453),_xlfn.XLOOKUP(A206,TEXT(Sheet2!$A$2:$A$1453,"0"),Sheet2!$B$2:$B$1453,""))} -> ROYAL DRINK (20 VIAL*10ML) | C206: 115 | D206: {=_xlfn.LET(_xlpm.v,IFERROR(_xlfn.XLOOKUP(A206,Sheet2!$A$2:$A$1453,Sheet2!$D$2:$D$1453),_xlfn.XLOOKUP(A206,TEXT(Sheet2!$A$2:$A$1453,"0"),Sheet2!$D$2:$D$1453,"")),IF(_xlpm.v="","",IF(_xlpm.v<1,_xlpm.v*100,_xlpm.v)))} -> 33 | E206: =IF(D206="","",C206*(1-D206/100)) -> 77.05 | F206: {=IFERROR(_xlfn.XLOOKUP(A206,Sheet2!$A$2:$A$1453,Sheet2!$F$2:$F$1453),_xlfn.XLOOKUP(A206,TEXT(Sheet2!$A$2:$A$1453,"0"),Sheet2!$F$2:$F$1453,""))} -> 26-7-2026 | G206: {=IFERROR(_xlfn.XLOOKUP(A206,Sheet2!$A$2:$A$1453,Sheet2!$G$2:$G$1453),_xlfn.XLOOKUP(A206,TEXT(Sheet2!$A$2:$A$1453,"0"),Sheet2!$G$2:$G$1453,""))} -> 6-8-2026
A207: 1-03-020-070 | B207: {=IFERROR(_xlfn.XLOOKUP(A207,Sheet2!$A$2:$A$1453,Sheet2!$B$2:$B$1453),_xlfn.XLOOKUP(A207,TEXT(Sheet2!$A$2:$A$1453,"0"),Sheet2!$B$2:$B$1453,""))} -> MARNYS EXOTIQUE PLUS Capsule 1000MG/1Capsule, 30Capsule/Box | C207: 190 | D207: {=_xlfn.LET(_xlpm.v,IFERROR(_xlfn.XLOOKUP(A207,Sheet2!$A$2:$A$1453,Sheet2!$D$2:$D$1453),_xlfn.XLOOKUP(A207,TEXT(Sheet2!$A$2:$A$1453,"0"),Sheet2!$D$2:$D$1453,"")),IF(_xlpm.v="","",IF(_xlpm.v<1,_xlpm.v*100,_xlpm.v)))} -> 50 | E207: =IF(D207="","",C207*(1-D207/100)) -> 95 | F207: {=IFERROR(_xlfn.XLOOKUP(A207,Sheet2!$A$2:$A$1453,Sheet2!$F$2:$F$1453),_xlfn.XLOOKUP(A207,TEXT(Sheet2!$A$2:$A$1453,"0"),Sheet2!$F$2:$F$1453,""))} -> 26-7-2026 | G207: {=IFERROR(_xlfn.XLOOKUP(A207,Sheet2!$A$2:$A$1453,Sheet2!$G$2:$G$1453),_xlfn.XLOOKUP(A207,TEXT(Sheet2!$A$2:$A$1453,"0"),Sheet2!$G$2:$G$1453,""))} -> 6-8-2026
A208: 20309030191 | B208: {=IFERROR(_xlfn.XLOOKUP(A208,Sheet2!$A$2:$A$1453,Sheet2!$B$2:$B$1453),_xlfn.XLOOKUP(A208,TEXT(Sheet2!$A$2:$A$1453,"0"),Sheet2!$B$2:$B$1453,""))} -> LUX HAND WASH VELVET TOUCH 250ML 206695 | C208: 14.95 | D208: {=_xlfn.LET(_xlpm.v,IFERROR(_xlfn.XLOOKUP(A208,Sheet2!$A$2:$A$1453,Sheet2!$D$2:$D$1453),_xlfn.XLOOKUP(A208,TEXT(Sheet2!$A$2:$A$1453,"0"),Sheet2!$D$2:$D$1453,"")),IF(_xlpm.v="","",IF(_xlpm.v<1,_xlpm.v*100,_xlpm.v)))} -> 15 | E208: =IF(D208="","",C208*(1-D208/100)) -> 12.7075 | F208: {=IFERROR(_xlfn.XLOOKUP(A208,Sheet2!$A$2:$A$1453,Sheet2!$F$2:$F$1453),_xlfn.XLOOKUP(A208,TEXT(Sheet2!$A$2:$A$1453,"0"),Sheet2!$F$2:$F$1453,""))} -> 26-7-2026 | G208: {=IFERROR(_xlfn.XLOOKUP(A208,Sheet2!$A$2:$A$1453,Sheet2!$G$2:$G$1453),_xlfn.XLOOKUP(A208,TEXT(Sheet2!$A$2:$A$1453,"0"),Sheet2!$G$2:$G$1453,""))} -> 6-8-2026
A209: 20309030736 | B209: {=IFERROR(_xlfn.XLOOKUP(A209,Sheet2!$A$2:$A$1453,Sheet2!$B$2:$B$1453),_xlfn.XLOOKUP(A209,TEXT(Sheet2!$A$2:$A$1453,"0"),Sheet2!$B$2:$B$1453,""))} -> LUX HAND WASH VELVET JASMINE (LABO) 500ML | C209: 27.03 | D209: {=_xlfn.LET(_xlpm.v,IFERROR(_xlfn.XLOOKUP(A209,Sheet2!$A$2:$A$1453,Sheet2!$D$2:$D$1453),_xlfn.XLOOKUP(A209,TEXT(Sheet2!$A$2:$A$1453,"0"),Sheet2!$D$2:$D$1453,"")),IF(_xlpm.v="","",IF(_xlpm.v<1,_xlpm.v*100,_xlpm.v)))} -> 15 | E209: =IF(D209="","",C209*(1-D209/100)) -> 22.9755 | F209: {=IFERROR(_xlfn.XLOOKUP(A209,Sheet2!$A$2:$A$1453,Sheet2!$F$2:$F$1453),_xlfn.XLOOKUP(A209,TEXT(Sheet2!$A$2:$A$1453,"0"),Sheet2!$F$2:$F$1453,""))} -> 26-7-2026 | G209: {=IFERROR(_xlfn.XLOOKUP(A209,Sheet2!$A$2:$A$1453,Sheet2!$G$2:$G$1453),_xlfn.XLOOKUP(A209,TEXT(Sheet2!$A$2:$A$1453,"0"),Sheet2!$G$2:$G$1453,""))} -> 6-8-2026
A210: 20309030159 | B210: {=IFERROR(_xlfn.XLOOKUP(A210,Sheet2!$A$2:$A$1453,Sheet2!$B$2:$B$1453),_xlfn.XLOOKUP(A210,TEXT(Sheet2!$A$2:$A$1453,"0"),Sheet2!$B$2:$B$1453,""))} -> LUX HAND WASH SOFT TOUCH 500ML 206699 | C210: 27.03 | D210: {=_xlfn.LET(_xlpm.v,IFERROR(_xlfn.XLOOKUP(A210,Sheet2!$A$2:$A$1453,Sheet2!$D$2:$D$1453),_xlfn.XLOOKUP(A210,TEXT(Sheet2!$A$2:$A$1453,"0"),Sheet2!$D$2:$D$1453,"")),IF(_xlpm.v="","",IF(_xlpm.v<1,_xlpm.v*100,_xlpm.v)))} -> 15 | E210: =IF(D210="","",C210*(1-D210/100)) -> 22.9755 | F210: {=IFERROR(_xlfn.XLOOKUP(A210,Sheet2!$A$2:$A$1453,Sheet2!$F$2:$F$1453),_xlfn.XLOOKUP(A210,TEXT(Sheet2!$A$2:$A$1453,"0"),Sheet2!$F$2:$F$1453,""))} -> 26-7-2026 | G210: {=IFERROR(_xlfn.XLOOKUP(A210,Sheet2!$A$2:$A$1453,Sheet2!$G$2:$G$1453),_xlfn.XLOOKUP(A210,TEXT(Sheet2!$A$2:$A$1453,"0"),Sheet2!$G$2:$G$1453,""))} -> 6-8-2026
A211: 20309030124 | B211: {=IFERROR(_xlfn.XLOOKUP(A211,Sheet2!$A$2:$A$1453,Sheet2!$B$2:$B$1453),_xlfn.XLOOKUP(A211,TEXT(Sheet2!$A$2:$A$1453,"0"),Sheet2!$B$2:$B$1453,""))} -> LUX HAND WASH SOFT TOUCH 250ML 206696 | C211: 14.95 | D211: {=_xlfn.LET(_xlpm.v,IFERROR(_xlfn.XLOOKUP(A211,Sheet2!$A$2:$A$1453,Sheet2!$D$2:$D$1453),_xlfn.XLOOKUP(A211,TEXT(Sheet2!$A$2:$A$1453,"0"),Sheet2!$D$2:$D$1453,"")),IF(_xlpm.v="","",IF(_xlpm.v<1,_xlpm.v*100,_xlpm.v)))} -> 15 | E211: =IF(D211="","",C211*(1-D211/100)) -> 12.7075 | F211: {=IFERROR(_xlfn.XLOOKUP(A211,Sheet2!$A$2:$A$1453,Sheet2!$F$2:$F$1453),_xlfn.XLOOKUP(A211,TEXT(Sheet2!$A$2:$A$1453,"0"),Sheet2!$F$2:$F$1453,""))} -> 26-7-2026 | G211: {=IFERROR(_xlfn.XLOOKUP(A211,Sheet2!$A$2:$A$1453,Sheet2!$G$2:$G$1453),_xlfn.XLOOKUP(A211,TEXT(Sheet2!$A$2:$A$1453,"0"),Sheet2!$G$2:$G$1453,""))} -> 6-8-2026
A212: 20309030125 | B212: {=IFERROR(_xlfn.XLOOKUP(A212,Sheet2!$A$2:$A$1453,Sheet2!$B$2:$B$1453),_xlfn.XLOOKUP(A212,TEXT(Sheet2!$A$2:$A$1453,"0"),Sheet2!$B$2:$B$1453,""))} -> LUX HAND WASH MAGICAL BEAUTY 250ML 205017 | C212: 14.95 | D212: {=_xlfn.LET(_xlpm.v,IFERROR(_xlfn.XLOOKUP(A212,Sheet2!$A$2:$A$1453,Sheet2!$D$2:$D$1453),_xlfn.XLOOKUP(A212,TEXT(Sheet2!$A$2:$A$1453,"0"),Sheet2!$D$2:$D$1453,"")),IF(_xlpm.v="","",IF(_xlpm.v<1,_xlpm.v*100,_xlpm.v)))} -> 15 | E212: =IF(D212="","",C212*(1-D212/100)) -> 12.7075 | F212: {=IFERROR(_xlfn.XLOOKUP(A212,Sheet2!$A$2:$A$1453,Sheet2!$F$2:$F$1453),_xlfn.XLOOKUP(A212,TEXT(Sheet2!$A$2:$A$1453,"0"),Sheet2!$F$2:$F$1453,""))} -> 26-7-2026 | G212: {=IFERROR(_xlfn.XLOOKUP(A212,Sheet2!$A$2:$A$1453,Sheet2!$G$2:$G$1453),_xlfn.XLOOKUP(A212,TEXT(Sheet2!$A$2:$A$1453,"0"),Sheet2!$G$2:$G$1453,""))} -> 6-8-2026
A213: 20309030160 | B213: {=IFERROR(_xlfn.XLOOKUP(A213,Sheet2!$A$2:$A$1453,Sheet2!$B$2:$B$1453),_xlfn.XLOOKUP(A213,TEXT(Sheet2!$A$2:$A$1453,"0"),Sheet2!$B$2:$B$1453,""))} -> LUX HAND WASH MAGICAL BEAUTY 500ML 205022 | C213: 27.03 | D213: {=_xlfn.LET(_xlpm.v,IFERROR(_xlfn.XLOOKUP(A213,Sheet2!$A$2:$A$1453,Sheet2!$D$2:$D$1453),_xlfn.XLOOKUP(A213,TEXT(Sheet2!$A$2:$A$1453,"0"),Sheet2!$D$2:$D$1453,"")),IF(_xlpm.v="","",IF(_xlpm.v<1,_xlpm.v*100,_xlpm.v)))} -> 15 | E213: =IF(D213="","",C213*(1-D213/100)) -> 22.9755 | F213: {=IFERROR(_xlfn.XLOOKUP(A213,Sheet2!$A$2:$A$1453,Sheet2!$F$2:$F$1453),_xlfn.XLOOKUP(A213,TEXT(Sheet2!$A$2:$A$1453,"0"),Sheet2!$F$2:$F$1453,""))} -> 26-7-2026 | G213: {=IFERROR(_xlfn.XLOOKUP(A213,Sheet2!$A$2:$A$1453,Sheet2!$G$2:$G$1453),_xlfn.XLOOKUP(A213,TEXT(Sheet2!$A$2:$A$1453,"0"),Sheet2!$G$2:$G$1453,""))} -> 6-8-2026
A214: 20309030815 | B214: {=IFERROR(_xlfn.XLOOKUP(A214,Sheet2!$A$2:$A$1453,Sheet2!$B$2:$B$1453),_xlfn.XLOOKUP(A214,TEXT(Sheet2!$A$2:$A$1453,"0"),Sheet2!$B$2:$B$1453,""))} -> LUX HAND WASH FIG EXTRACT VETIVER 250 ML | C214: 18.4 | D214: {=_xlfn.LET(_xlpm.v,IFERROR(_xlfn.XLOOKUP(A214,Sheet2!$A$2:$A$1453,Sheet2!$D$2:$D$1453),_xlfn.XLOOKUP(A214,TEXT(Sheet2!$A$2:$A$1453,"0"),Sheet2!$D$2:$D$1453,"")),IF(_xlpm.v="","",IF(_xlpm.v<1,_xlpm.v*100,_xlpm.v)))} -> 15 | E214: =IF(D214="","",C214*(1-D214/100)) -> 15.64 | F214: {=IFERROR(_xlfn.XLOOKUP(A214,Sheet2!$A$2:$A$1453,Sheet2!$F$2:$F$1453),_xlfn.XLOOKUP(A214,TEXT(Sheet2!$A$2:$A$1453,"0"),Sheet2!$F$2:$F$1453,""))} -> 26-7-2026 | G214: {=IFERROR(_xlfn.XLOOKUP(A214,Sheet2!$A$2:$A$1453,Sheet2!$G$2:$G$1453),_xlfn.XLOOKUP(A214,TEXT(Sheet2!$A$2:$A$1453,"0"),Sheet2!$G$2:$G$1453,""))} -> 6-8-2026
A215: 20309030364 | B215: {=IFERROR(_xlfn.XLOOKUP(A215,Sheet2!$A$2:$A$1453,Sheet2!$B$2:$B$1453),_xlfn.XLOOKUP(A215,TEXT(Sheet2!$A$2:$A$1453,"0"),Sheet2!$B$2:$B$1453,""))} -> LUX BODY WASH VELVET TOUCH 700ML 208095 | C215: 44.85 | D215: {=_xlfn.LET(_xlpm.v,IFERROR(_xlfn.XLOOKUP(A215,Sheet2!$A$2:$A$1453,Sheet2!$D$2:$D$1453),_xlfn.XLOOKUP(A215,TEXT(Sheet2!$A$2:$A$1453,"0"),Sheet2!$D$2:$D$1453,"")),IF(_xlpm.v="","",IF(_xlpm.v<1,_xlpm.v*100,_xlpm.v)))} -> 15 | E215: =IF(D215="","",C215*(1-D215/100)) -> 38.1225 | F215: {=IFERROR(_xlfn.XLOOKUP(A215,Sheet2!$A$2:$A$1453,Sheet2!$F$2:$F$1453),_xlfn.XLOOKUP(A215,TEXT(Sheet2!$A$2:$A$1453,"0"),Sheet2!$F$2:$F$1453,""))} -> 26-7-2026 | G215: {=IFERROR(_xlfn.XLOOKUP(A215,Sheet2!$A$2:$A$1453,Sheet2!$G$2:$G$1453),_xlfn.XLOOKUP(A215,TEXT(Sheet2!$A$2:$A$1453,"0"),Sheet2!$G$2:$G$1453,""))} -> 6-8-2026
A216: 20309030034 | B216: {=IFERROR(_xlfn.XLOOKUP(A216,Sheet2!$A$2:$A$1453,Sheet2!$B$2:$B$1453),_xlfn.XLOOKUP(A216,TEXT(Sheet2!$A$2:$A$1453,"0"),Sheet2!$B$2:$B$1453,""))} -> LUX BODY WASH SOFT TOUCH 700 ML 208096 | C216: 44.85 | D216: {=_xlfn.LET(_xlpm.v,IFERROR(_xlfn.XLOOKUP(A216,Sheet2!$A$2:$A$1453,Sheet2!$D$2:$D$1453),_xlfn.XLOOKUP(A216,TEXT(Sheet2!$A$2:$A$1453,"0"),Sheet2!$D$2:$D$1453,"")),IF(_xlpm.v="","",IF(_xlpm.v<1,_xlpm.v*100,_xlpm.v)))} -> 15 | E216: =IF(D216="","",C216*(1-D216/100)) -> 38.1225 | F216: {=IFERROR(_xlfn.XLOOKUP(A216,Sheet2!$A$2:$A$1453,Sheet2!$F$2:$F$1453),_xlfn.XLOOKUP(A216,TEXT(Sheet2!$A$2:$A$1453,"0"),Sheet2!$F$2:$F$1453,""))} -> 26-7-2026 | G216: {=IFERROR(_xlfn.XLOOKUP(A216,Sheet2!$A$2:$A$1453,Sheet2!$G$2:$G$1453),_xlfn.XLOOKUP(A216,TEXT(Sheet2!$A$2:$A$1453,"0"),Sheet2!$G$2:$G$1453,""))} -> 6-8-2026
A217: 20309030302 | B217: {=IFERROR(_xlfn.XLOOKUP(A217,Sheet2!$A$2:$A$1453,Sheet2!$B$2:$B$1453),_xlfn.XLOOKUP(A217,TEXT(Sheet2!$A$2:$A$1453,"0"),Sheet2!$B$2:$B$1453,""))} -> LUX BODY WASH SOFT TOUCH 500 ML 208103 | C217: 43.13 | D217: {=_xlfn.LET(_xlpm.v,IFERROR(_xlfn.XLOOKUP(A217,Sheet2!$A$2:$A$1453,Sheet2!$D$2:$D$1453),_xlfn.XLOOKUP(A217,TEXT(Sheet2!$A$2:$A$1453,"0"),Sheet2!$D$2:$D$1453,"")),IF(_xlpm.v="","",IF(_xlpm.v<1,_xlpm.v*100,_xlpm.v)))} -> 15 | E217: =IF(D217="","",C217*(1-D217/100)) -> 36.6605 | F217: {=IFERROR(_xlfn.XLOOKUP(A217,Sheet2!$A$2:$A$1453,Sheet2!$F$2:$F$1453),_xlfn.XLOOKUP(A217,TEXT(Sheet2!$A$2:$A$1453,"0"),Sheet2!$F$2:$F$1453,""))} -> 26-7-2026 | G217: {=IFERROR(_xlfn.XLOOKUP(A217,Sheet2!$A$2:$A$1453,Sheet2!$G$2:$G$1453),_xlfn.XLOOKUP(A217,TEXT(Sheet2!$A$2:$A$1453,"0"),Sheet2!$G$2:$G$1453,""))} -> 6-8-2026
A218: 20309030700 | B218: {=IFERROR(_xlfn.XLOOKUP(A218,Sheet2!$A$2:$A$1453,Sheet2!$B$2:$B$1453),_xlfn.XLOOKUP(A218,TEXT(Sheet2!$A$2:$A$1453,"0"),Sheet2!$B$2:$B$1453,""))} -> LUX BODY WASH ROMANTIC HIBISCUS 700ML | C218: 44.85 | D218: {=_xlfn.LET(_xlpm.v,IFERROR(_xlfn.XLOOKUP(A218,Sheet2!$A$2:$A$1453,Sheet2!$D$2:$D$1453),_xlfn.XLOOKUP(A218,TEXT(Sheet2!$A$2:$A$1453,"0"),Sheet2!$D$2:$D$1453,"")),IF(_xlpm.v="","",IF(_xlpm.v<1,_xlpm.v*100,_xlpm.v)))} -> 15 | E218: =IF(D218="","",C218*(1-D218/100)) -> 38.1225 | F218: {=IFERROR(_xlfn.XLOOKUP(A218,Sheet2!$A$2:$A$1453,Sheet2!$F$2:$F$1453),_xlfn.XLOOKUP(A218,TEXT(Sheet2!$A$2:$A$1453,"0"),Sheet2!$F$2:$F$1453,""))} -> 26-7-2026 | G218: {=IFERROR(_xlfn.XLOOKUP(A218,Sheet2!$A$2:$A$1453,Sheet2!$G$2:$G$1453),_xlfn.XLOOKUP(A218,TEXT(Sheet2!$A$2:$A$1453,"0"),Sheet2!$G$2:$G$1453,""))} -> 6-8-2026
A219: 20309030699 | B219: {=IFERROR(_xlfn.XLOOKUP(A219,Sheet2!$A$2:$A$1453,Sheet2!$B$2:$B$1453),_xlfn.XLOOKUP(A219,TEXT(Sheet2!$A$2:$A$1453,"0"),Sheet2!$B$2:$B$1453,""))} -> LUX BODY WASH ROMANTIC HIBISCUS 500ML | C219: 43.13 | D219: {=_xlfn.LET(_xlpm.v,IFERROR(_xlfn.XLOOKUP(A219,Sheet2!$A$2:$A$1453,Sheet2!$D$2:$D$1453),_xlfn.XLOOKUP(A219,TEXT(Sheet2!$A$2:$A$1453,"0"),Sheet2!$D$2:$D$1453,"")),IF(_xlpm.v="","",IF(_xlpm.v<1,_xlpm.v*100,_xlpm.v)))} -> 15 | E219: =IF(D219="","",C219*(1-D219/100)) -> 36.6605 | F219: {=IFERROR(_xlfn.XLOOKUP(A219,Sheet2!$A$2:$A$1453,Sheet2!$F$2:$F$1453),_xlfn.XLOOKUP(A219,TEXT(Sheet2!$A$2:$A$1453,"0"),Sheet2!$F$2:$F$1453,""))} -> 26-7-2026 | G219: {=IFERROR(_xlfn.XLOOKUP(A219,Sheet2!$A$2:$A$1453,Sheet2!$G$2:$G$1453),_xlfn.XLOOKUP(A219,TEXT(Sheet2!$A$2:$A$1453,"0"),Sheet2!$G$2:$G$1453,""))} -> 6-8-2026
... A227: 20309500699 | B227: {=IFERROR(_xlfn.XLOOKUP(A227,Sheet2!$A$2:$A$1453,Sheet2!$B$2:$B$1453),_xlfn.XLOOKUP(A227,TEXT(Sheet2!$A$2:$A$1453,"0"),Sheet2!$B$2:$B$1453,""))} -> KOLE MAXI 307/0 MEDIUM BLOND 654 | C227: 17.95 | D227: {=_xlfn.LET(_xlpm.v,IFERROR(_xlfn.XLOOKUP(A227,Sheet2!$A$2:$A$1453,Sheet2!$D$2:$D$1453),_xlfn.XLOOKUP(A227,TEXT(Sheet2!$A$2:$A$1453,"0"),Sheet2!$D$2:$D$1453,"")),IF(_xlpm.v="","",IF(_xlpm.v<1,_xlpm.v*100,_xlpm.v)))} -> 10 | E227: =IF(D227="","",C227*(1-D227/100)) -> 16.155 | F227: {=IFERROR(_xlfn.XLOOKUP(A227,Sheet2!$A$2:$A$1453,Sheet2!$F$2:$F$1453),_xlfn.XLOOKUP(A227,TEXT(Sheet2!$A$2:$A$1453,"0"),Sheet2!$F$2:$F$1453,""))} -> 26-7-2026 | G227: {=IFERROR(_xlfn.XLOOKUP(A227,Sheet2!$A$2:$A$1453,Sheet2!$G$2:$G$1453),_xlfn.XLOOKUP(A227,TEXT(Sheet2!$A$2:$A$1453,"0"),Sheet2!$G$2:$G$1453,""))} -> 6-8-2026
A228: 1-03-020-202 | B228: {=IFERROR(_xlfn.XLOOKUP(A228,Sheet2!$A$2:$A$1453,Sheet2!$B$2:$B$1453),_xlfn.XLOOKUP(A228,TEXT(Sheet2!$A$2:$A$1453,"0"),Sheet2!$B$2:$B$1453,""))} -> JP OMEGA-3 1000 mg/capsule, 60 CAPSULE/BOX | C228: 160 | D228: {=_xlfn.LET(_xlpm.v,IFERROR(_xlfn.XLOOKUP(A228,Sheet2!$A$2:$A$1453,Sheet2!$D$2:$D$1453),_xlfn.XLOOKUP(A228,TEXT(Sheet2!$A$2:$A$1453,"0"),Sheet2!$D$2:$D$1453,"")),IF(_xlpm.v="","",IF(_xlpm.v<1,_xlpm.v*100,_xlpm.v)))} -> 50 | E228: =IF(D228="","",C228*(1-D228/100)) -> 80 | F228: {=IFERROR(_xlfn.XLOOKUP(A228,Sheet2!$A$2:$A$1453,Sheet2!$F$2:$F$1453),_xlfn.XLOOKUP(A228,TEXT(Sheet2!$A$2:$A$1453,"0"),Sheet2!$F$2:$F$1453,""))} -> 26-7-2026 | G228: {=IFERROR(_xlfn.XLOOKUP(A228,Sheet2!$A$2:$A$1453,Sheet2!$G$2:$G$1453),_xlfn.XLOOKUP(A228,TEXT(Sheet2!$A$2:$A$1453,"0"),Sheet2!$G$2:$G$1453,""))} -> 6-8-2026
A229: 1-03-020-173 | B229: {=IFERROR(_xlfn.XLOOKUP(A229,Sheet2!$A$2:$A$1453,Sheet2!$B$2:$B$1453),_xlfn.XLOOKUP(A229,TEXT(Sheet2!$A$2:$A$1453,"0"),Sheet2!$B$2:$B$1453,""))} -> JP OMEGA 3 567 MG 60 CAP | C229: 126.5 | D229: {=_xlfn.LET(_xlpm.v,IFERROR(_xlfn.XLOOKUP(A229,Sheet2!$A$2:$A$1453,Sheet2!$D$2:$D$1453),_xlfn.XLOOKUP(A229,TEXT(Sheet2!$A$2:$A$1453,"0"),Sheet2!$D$2:$D$1453,"")),IF(_xlpm.v="","",IF(_xlpm.v<1,_xlpm.v*100,_xlpm.v)))} -> 50 | E229: =IF(D229="","",C229*(1-D229/100)) -> 63.25 | F229: {=IFERROR(_xlfn.XLOOKUP(A229,Sheet2!$A$2:$A$1453,Sheet2!$F$2:$F$1453),_xlfn.XLOOKUP(A229,TEXT(Sheet2!$A$2:$A$1453,"0"),Sheet2!$F$2:$F$1453,""))} -> 26-7-2026 | G229: {=IFERROR(_xlfn.XLOOKUP(A229,Sheet2!$A$2:$A$1453,Sheet2!$G$2:$G$1453),_xlfn.XLOOKUP(A229,TEXT(Sheet2!$A$2:$A$1453,"0"),Sheet2!$G$2:$G$1453,""))} -> 6-8-2026
A230: 20309010324 | B230: {=IFERROR(_xlfn.XLOOKUP(A230,Sheet2!$A$2:$A$1453,Sheet2!$B$2:$B$1453),_xlfn.XLOOKUP(A230,TEXT(Sheet2!$A$2:$A$1453,"0"),Sheet2!$B$2:$B$1453,""))} -> HOBBY PROTEIN SHAMPO WITH ALMO | C230: 14 | D230: {=_xlfn.LET(_xlpm.v,IFERROR(_xlfn.XLOOKUP(A230,Sheet2!$A$2:$A$1453,Sheet2!$D$2:$D$1453),_xlfn.XLOOKUP(A230,TEXT(Sheet2!$A$2:$A$1453,"0"),Sheet2!$D$2:$D$1453,"")),IF(_xlpm.v="","",IF(_xlpm.v<1,_xlpm.v*100,_xlpm.v)))} -> 30 | E230: =IF(D230="","",C230*(1-D230/100)) -> 9.8 | F230: {=IFERROR(_xlfn.XLOOKUP(A230,Sheet2!$A$2:$A$1453,Sheet2!$F$2:$F$1453),_xlfn.XLOOKUP(A230,TEXT(Sheet2!$A$2:$A$1453,"0"),Sheet2!$F$2:$F$1453,""))} -> 26-7-2026 | G230: {=IFERROR(_xlfn.XLOOKUP(A230,Sheet2!$A$2:$A$1453,Sheet2!$G$2:$G$1453),_xlfn.XLOOKUP(A230,TEXT(Sheet2!$A$2:$A$1453,"0"),Sheet2!$G$2:$G$1453,""))} -> 6-8-2026
A231: 20309010328 | B231: {=IFERROR(_xlfn.XLOOKUP(A231,Sheet2!$A$2:$A$1453,Sheet2!$B$2:$B$1453),_xlfn.XLOOKUP(A231,TEXT(Sheet2!$A$2:$A$1453,"0"),Sheet2!$B$2:$B$1453,""))} -> HOBBY PROTEIN SHAMPO GARLIC EXT | C231: 14 | D231: {=_xlfn.LET(_xlpm.v,IFERROR(_xlfn.XLOOKUP(A231,Sheet2!$A$2:$A$1453,Sheet2!$D$2:$D$1453),_xlfn.XLOOKUP(A231,TEXT(Sheet2!$A$2:$A$1453,"0"),Sheet2!$D$2:$D$1453,"")),IF(_xlpm.v="","",IF(_xlpm.v<1,_xlpm.v*100,_xlpm.v)))} -> 30 | E231: =IF(D231="","",C231*(1-D231/100)) -> 9.8 | F231: {=IFERROR(_xlfn.XLOOKUP(A231,Sheet2!$A$2:$A$1453,Sheet2!$F$2:$F$1453),_xlfn.XLOOKUP(A231,TEXT(Sheet2!$A$2:$A$1453,"0"),Sheet2!$F$2:$F$1453,""))} -> 26-7-2026 | G231: {=IFERROR(_xlfn.XLOOKUP(A231,Sheet2!$A$2:$A$1453,Sheet2!$G$2:$G$1453),_xlfn.XLOOKUP(A231,TEXT(Sheet2!$A$2:$A$1453,"0"),Sheet2!$G$2:$G$1453,""))} -> 6-8-2026
A232: 20309503249 | B232: {=IFERROR(_xlfn.XLOOKUP(A232,Sheet2!$A$2:$A$1453,Sheet2!$B$2:$B$1453),_xlfn.XLOOKUP(A232,TEXT(Sheet2!$A$2:$A$1453,"0"),Sheet2!$B$2:$B$1453,""))} -> HIMALAYA SENSITIVE BABY W | C232: 31.2 | D232: {=_xlfn.LET(_xlpm.v,IFERROR(_xlfn.XLOOKUP(A232,Sheet2!$A$2:$A$1453,Sheet2!$D$2:$D$1453),_xlfn.XLOOKUP(A232,TEXT(Sheet2!$A$2:$A$1453,"0"),Sheet2!$D$2:$D$1453,"")),IF(_xlpm.v="","",IF(_xlpm.v<1,_xlpm.v*100,_xlpm.v)))} -> 25 | E232: =IF(D232="","",C232*(1-D232/100)) -> 23.4 | F232: {=IFERROR(_xlfn.XLOOKUP(A232,Sheet2!$A$2:$A$1453,Sheet2!$F$2:$F$1453),_xlfn.XLOOKUP(A232,TEXT(Sheet2!$A$2:$A$1453,"0"),Sheet2!$F$2:$F$1453,""))} -> 26-7-2026 | G232: {=IFERROR(_xlfn.XLOOKUP(A232,Sheet2!$A$2:$A$1453,Sheet2!$G$2:$G$1453),_xlfn.XLOOKUP(A232,TEXT(Sheet2!$A$2:$A$1453,"0"),Sheet2!$G$2:$G$1453,""))} -> 6-8-2026
A233: 20309020765 | B233: {=IFERROR(_xlfn.XLOOKUP(A233,Sheet2!$A$2:$A$1453,Sheet2!$B$2:$B$1453),_xlfn.XLOOKUP(A233,TEXT(Sheet2!$A$2:$A$1453,"0"),Sheet2!$B$2:$B$1453,""))} -> Himalaya BRIGHTENING VITAM | C233: 27.37 | D233: {=_xlfn.LET(_xlpm.v,IFERROR(_xlfn.XLOOKUP(A233,Sheet2!$A$2:$A$1453,Sheet2!$D$2:$D$1453),_xlfn.XLOOKUP(A233,TEXT(Sheet2!$A$2:$A$1453,"0"),Sheet2!$D$2:$D$1453,"")),IF(_xlpm.v="","",IF(_xlpm.v<1,_xlpm.v*100,_xlpm.v)))} -> 25 | E233: =IF(D233="","",C233*(1-D233/100)) -> 20.5275 | F233: {=IFERROR(_xlfn.XLOOKUP(A233,Sheet2!$A$2:$A$1453,Sheet2!$F$2:$F$1453),_xlfn.XLOOKUP(A233,TEXT(Sheet2!$A$2:$A$1453,"0"),Sheet2!$F$2:$F$1453,""))} -> 26-7-2026 | G233: {=IFERROR(_xlfn.XLOOKUP(A233,Sheet2!$A$2:$A$1453,Sheet2!$G$2:$G$1453),_xlfn.XLOOKUP(A233,TEXT(Sheet2!$A$2:$A$1453,"0"),Sheet2!$G$2:$G$1453,""))} -> 6-8-2026
A234: 20309503203 | B234: {=IFERROR(_xlfn.XLOOKUP(A234,Sheet2!$A$2:$A$1453,Sheet2!$B$2:$B$1453),_xlfn.XLOOKUP(A234,TEXT(Sheet2!$A$2:$A$1453,"0"),Sheet2!$B$2:$B$1453,""))} -> HIMALAYA ANTI HAIR FALL CR | C234: 10.42 | D234: {=_xlfn.LET(_xlpm.v,IFERROR(_xlfn.XLOOKUP(A234,Sheet2!$A$2:$A$1453,Sheet2!$D$2:$D$1453),_xlfn.XLOOKUP(A234,TEXT(Sheet2!$A$2:$A$1453,"0"),Sheet2!$D$2:$D$1453,"")),IF(_xlpm.v="","",IF(_xlpm.v<1,_xlpm.v*100,_xlpm.v)))} -> 25 | E234: =IF(D234="","",C234*(1-D234/100)) -> 7.815 | F234: {=IFERROR(_xlfn.XLOOKUP(A234,Sheet2!$A$2:$A$1453,Sheet2!$F$2:$F$1453),_xlfn.XLOOKUP(A234,TEXT(Sheet2!$A$2:$A$1453,"0"),Sheet2!$F$2:$F$1453,""))} -> 26-7-2026 | G234: {=IFERROR(_xlfn.XLOOKUP(A234,Sheet2!$A$2:$A$1453,Sheet2!$G$2:$G$1453),_xlfn.XLOOKUP(A234,TEXT(Sheet2!$A$2:$A$1453,"0"),Sheet2!$G$2:$G$1453,""))} -> 6-8-2026
A235: 20309503205 | B235: {=IFERROR(_xlfn.XLOOKUP(A235,Sheet2!$A$2:$A$1453,Sheet2!$B$2:$B$1453),_xlfn.XLOOKUP(A235,TEXT(Sheet2!$A$2:$A$1453,"0"),Sheet2!$B$2:$B$1453,""))} -> HIMALAYA PROTEIN HAIRCREA | C235: 10.42 | D235: {=_xlfn.LET(_xlpm.v,IFERROR(_xlfn.XLOOKUP(A235,Sheet2!$A$2:$A$1453,Sheet2!$D$2:$D$1453),_xlfn.XLOOKUP(A235,TEXT(Sheet2!$A$2:$A$1453,"0"),Sheet2!$D$2:$D$1453,"")),IF(_xlpm.v="","",IF(_xlpm.v<1,_xlpm.v*100,_xlpm.v)))} -> 25 | E235: =IF(D235="","",C235*(1-D235/100)) -> 7.815 | F235: {=IFERROR(_xlfn.XLOOKUP(A235,Sheet2!$A$2:$A$1453,Sheet2!$F$2:$F$1453),_xlfn.XLOOKUP(A235,TEXT(Sheet2!$A$2:$A$1453,"0"),Sheet2!$F$2:$F$1453,""))} -> 26-7-2026 | G235: {=IFERROR(_xlfn.XLOOKUP(A235,Sheet2!$A$2:$A$1453,Sheet2!$G$2:$G$1453),_xlfn.XLOOKUP(A235,TEXT(Sheet2!$A$2:$A$1453,"0"),Sheet2!$G$2:$G$1453,""))} -> 6-8-2026
A236: 20309501596 | B236: {=IFERROR(_xlfn.XLOOKUP(A236,Sheet2!$A$2:$A$1453,Sheet2!$B$2:$B$1453),_xlfn.XLOOKUP(A236,TEXT(Sheet2!$A$2:$A$1453,"0"),Sheet2!$B$2:$B$1453,""))} -> HIMALAYA HERBALS PURIFYIN | C236: 37.43 | D236: {=_xlfn.LET(_xlpm.v,IFERROR(_xlfn.XLOOKUP(A236,Sheet2!$A$2:$A$1453,Sheet2!$D$2:$D$1453),_xlfn.XLOOKUP(A236,TEXT(Sheet2!$A$2:$A$1453,"0"),Sheet2!$D$2:$D$1453,"")),IF(_xlpm.v="","",IF(_xlpm.v<1,_xlpm.v*100,_xlpm.v)))} -> 25 | E236: =IF(D236="","",C236*(1-D236/100)) -> 28.0725 | F236: {=IFERROR(_xlfn.XLOOKUP(A236,Sheet2!$A$2:$A$1453,Sheet2!$F$2:$F$1453),_xlfn.XLOOKUP(A236,TEXT(Sheet2!$A$2:$A$1453,"0"),Sheet2!$F$2:$F$1453,""))} -> 26-7-2026 | G236: {=IFERROR(_xlfn.XLOOKUP(A236,Sheet2!$A$2:$A$1453,Sheet2!$G$2:$G$1453),_xlfn.XLOOKUP(A236,TEXT(Sheet2!$A$2:$A$1453,"0"),Sheet2!$G$2:$G$1453,""))} -> 6-8-2026
A237: 20309021813 | B237: {=IFERROR(_xlfn.XLOOKUP(A237,Sheet2!$A$2:$A$1453,Sheet2!$B$2:$B$1453),_xlfn.XLOOKUP(A237,TEXT(Sheet2!$A$2:$A$1453,"0"),Sheet2!$B$2:$B$1453,""))} -> HIMALAYA ALOE VERA FACE& | C237: 13.47 | D237: {=_xlfn.LET(_xlpm.v,IFERROR(_xlfn.XLOOKUP(A237,Sheet2!$A$2:$A$1453,Sheet2!$D$2:$D$1453),_xlfn.XLOOKUP(A237,TEXT(Sheet2!$A$2:$A$1453,"0"),Sheet2!$D$2:$D$1453,"")),IF(_xlpm.v="","",IF(_xlpm.v<1,_xlpm.v*100,_xlpm.v)))} -> 25 | E237: =IF(D237="","",C237*(1-D237/100)) -> 10.1025 | F237: {=IFERROR(_xlfn.XLOOKUP(A237,Sheet2!$A$2:$A$1453,Sheet2!$F$2:$F$1453),_xlfn.XLOOKUP(A237,TEXT(Sheet2!$A$2:$A$1453,"0"),Sheet2!$F$2:$F$1453,""))} -> 26-7-2026 | G237: {=IFERROR(_xlfn.XLOOKUP(A237,Sheet2!$A$2:$A$1453,Sheet2!$G$2:$G$1453),_xlfn.XLOOKUP(A237,TEXT(Sheet2!$A$2:$A$1453,"0"),Sheet2!$G$2:$G$1453,""))} -> 6-8-2026
A238: 20309010628 | B238: {=IFERROR(_xlfn.XLOOKUP(A238,Sheet2!$A$2:$A$1453,Sheet2!$B$2:$B$1453),_xlfn.XLOOKUP(A238,TEXT(Sheet2!$A$2:$A$1453,"0"),Sheet2!$B$2:$B$1453,""))} -> HIMALAYA ALOE VERA FACE& | C238: 21.98 | D238: {=_xlfn.LET(_xlpm.v,IFERROR(_xlfn.XLOOKUP(A238,Sheet2!$A$2:$A$1453,Sheet2!$D$2:$D$1453),_xlfn.XLOOKUP(A238,TEXT(Sheet2!$A$2:$A$1453,"0"),Sheet2!$D$2:$D$1453,"")),IF(_xlpm.v="","",IF(_xlpm.v<1,_xlpm.v*100,_xlpm.v)))} -> 25 | E238: =IF(D238="","",C238*(1-D238/100)) -> 16.485 | F238: {=IFERROR(_xlfn.XLOOKUP(A238,Sheet2!$A$2:$A$1453,Sheet2!$F$2:$F$1453),_xlfn.XLOOKUP(A238,TEXT(Sheet2!$A$2:$A$1453,"0"),Sheet2!$F$2:$F$1453,""))} -> 26-7-2026 | G238: {=IFERROR(_xlfn.XLOOKUP(A238,Sheet2!$A$2:$A$1453,Sheet2!$G$2:$G$1453),_xlfn.XLOOKUP(A238,TEXT(Sheet2!$A$2:$A$1453,"0"),Sheet2!$G$2:$G$1453,""))} -> 6-8-2026
A239: 20309011762 | B239: {=IFERROR(_xlfn.XLOOKUP(A239,Sheet2!$A$2:$A$1453,Sheet2!$B$2:$B$1453),_xlfn.XLOOKUP(A239,TEXT(Sheet2!$A$2:$A$1453,"0"),Sheet2!$B$2:$B$1453,""))} -> DOVE SHAMPOO THICK RIT LAVANDER 400 ML 211301 | C239: 23.17 | D239: {=_xlfn.LET(_xlpm.v,IFERROR(_xlfn.XLOOKUP(A239,Sheet2!$A$2:$A$1453,Sheet2!$D$2:$D$1453),_xlfn.XLOOKUP(A239,TEXT(Sheet2!$A$2:$A$1453,"0"),Sheet2!$D$2:$D$1453,"")),IF(_xlpm.v="","",IF(_xlpm.v<1,_xlpm.v*100,_xlpm.v)))} -> 15 | E239: =IF(D239="","",C239*(1-D239/100)) -> 19.6945 | F239: {=IFERROR(_xlfn.XLOOKUP(A239,Sheet2!$A$2:$A$1453,Sheet2!$F$2:$F$1453),_xlfn.XLOOKUP(A239,TEXT(Sheet2!$A$2:$A$1453,"0"),Sheet2!$F$2:$F$1453,""))} -> 26-7-2026 | G239: {=IFERROR(_xlfn.XLOOKUP(A239,Sheet2!$A$2:$A$1453,Sheet2!$G$2:$G$1453),_xlfn.XLOOKUP(A239,TEXT(Sheet2!$A$2:$A$1453,"0"),Sheet2!$G$2:$G$1453,""))} -> 6-8-2026
A240: 1-03-164-001 | B240: {=IFERROR(_xlfn.XLOOKUP(A240,Sheet2!$A$2:$A$1453,Sheet2!$B$2:$B$1453),_xlfn.XLOOKUP(A240,TEXT(Sheet2!$A$2:$A$1453,"0"),Sheet2!$B$2:$B$1453,""))} -> CO-Q Soft Gel Cap 100MG/1Capsule, 30Capsule/Box | C240: 112 | D240: {=_xlfn.LET(_xlpm.v,IFERROR(_xlfn.XLOOKUP(A240,Sheet2!$A$2:$A$1453,Sheet2!$D$2:$D$1453),_xlfn.XLOOKUP(A240,TEXT(Sheet2!$A$2:$A$1453,"0"),Sheet2!$D$2:$D$1453,"")),IF(_xlpm.v="","",IF(_xlpm.v<1,_xlpm.v*100,_xlpm.v)))} -> 50 | E240: =IF(D240="","",C240*(1-D240/100)) -> 56 | F240: {=IFERROR(_xlfn.XLOOKUP(A240,Sheet2!$A$2:$A$1453,Sheet2!$F$2:$F$1453),_xlfn.XLOOKUP(A240,TEXT(Sheet2!$A$2:$A$1453,"0"),Sheet2!$F$2:$F$1453,""))} -> 26-7-2026 | G240: {=IFERROR(_xlfn.XLOOKUP(A240,Sheet2!$A$2:$A$1453,Sheet2!$G$2:$G$1453),_xlfn.XLOOKUP(A240,TEXT(Sheet2!$A$2:$A$1453,"0"),Sheet2!$G$2:$G$1453,""))} -> 6-8-2026
A241: 20309012358 | B241: {=IFERROR(_xlfn.XLOOKUP(A241,Sheet2!$A$2:$A$1453,Sheet2!$B$2:$B$1453),_xlfn.XLOOKUP(A241,TEXT(Sheet2!$A$2:$A$1453,"0"),Sheet2!$B$2:$B$1453,""))} -> CANTU WAVE WHIP CURLING MOUSSE STYLE 248 ML 15700 | C241: 33.65 | D241: {=_xlfn.LET(_xlpm.v,IFERROR(_xlfn.XLOOKUP(A241,Sheet2!$A$2:$A$1453,Sheet2!$D$2:$D$1453),_xlfn.XLOOKUP(A241,TEXT(Sheet2!$A$2:$A$1453,"0"),Sheet2!$D$2:$D$1453,"")),IF(_xlpm.v="","",IF(_xlpm.v<1,_xlpm.v*100,_xlpm.v)))} -> 10 | E241: =IF(D241="","",C241*(1-D241/100)) -> 30.285 | F241: {=IFERROR(_xlfn.XLOOKUP(A241,Sheet2!$A$2:$A$1453,Sheet2!$F$2:$F$1453),_xlfn.XLOOKUP(A241,TEXT(Sheet2!$A$2:$A$1453,"0"),Sheet2!$F$2:$F$1453,""))} -> 26-7-2026 | G241: {=IFERROR(_xlfn.XLOOKUP(A241,Sheet2!$A$2:$A$1453,Sheet2!$G$2:$G$1453),_xlfn.XLOOKUP(A241,TEXT(Sheet2!$A$2:$A$1453,"0"),Sheet2!$G$2:$G$1453,""))} -> 6-8-2026
A242: 20309012355 | B242: {=IFERROR(_xlfn.XLOOKUP(A242,Sheet2!$A$2:$A$1453,Sheet2!$B$2:$B$1453),_xlfn.XLOOKUP(A242,TEXT(Sheet2!$A$2:$A$1453,"0"),Sheet2!$B$2:$B$1453,""))} -> CANTU THERMAL SHIELD HEAT PROTECTANT 151 ML 15588 | C242: 28.34 | D242: {=_xlfn.LET(_xlpm.v,IFERROR(_xlfn.XLOOKUP(A242,Sheet2!$A$2:$A$1453,Sheet2!$D$2:$D$1453),_xlfn.XLOOKUP(A242,TEXT(Sheet2!$A$2:$A$1453,"0"),Sheet2!$D$2:$D$1453,"")),IF(_xlpm.v="","",IF(_xlpm.v<1,_xlpm.v*100,_xlpm.v)))} -> 10 | E242: =IF(D242="","",C242*(1-D242/100)) -> 25.506 | F242: {=IFERROR(_xlfn.XLOOKUP(A242,Sheet2!$A$2:$A$1453,Sheet2!$F$2:$F$1453),_xlfn.XLOOKUP(A242,TEXT(Sheet2!$A$2:$A$1453,"0"),Sheet2!$F$2:$F$1453,""))} -> 26-7-2026 | G242: {=IFERROR(_xlfn.XLOOKUP(A242,Sheet2!$A$2:$A$1453,Sheet2!$G$2:$G$1453),_xlfn.XLOOKUP(A242,TEXT(Sheet2!$A$2:$A$1453,"0"),Sheet2!$G$2:$G$1453,""))} -> 6-8-2026
A243: 20309012036 | B243: {=IFERROR(_xlfn.XLOOKUP(A243,Sheet2!$A$2:$A$1453,Sheet2!$B$2:$B$1453),_xlfn.XLOOKUP(A243,TEXT(Sheet2!$A$2:$A$1453,"0"),Sheet2!$B$2:$B$1453,""))} -> CANTU SMOOTHING LEAVE-IN CONDIT HAIR LOTION 284 GM 6219 | C243: 33.65 | D243: {=_xlfn.LET(_xlpm.v,IFERROR(_xlfn.XLOOKUP(A243,Sheet2!$A$2:$A$1453,Sheet2!$D$2:$D$1453),_xlfn.XLOOKUP(A243,TEXT(Sheet2!$A$2:$A$1453,"0"),Sheet2!$D$2:$D$1453,"")),IF(_xlpm.v="","",IF(_xlpm.v<1,_xlpm.v*100,_xlpm.v)))} -> 10 | E243: =IF(D243="","",C243*(1-D243/100)) -> 30.285 | F243: {=IFERROR(_xlfn.XLOOKUP(A243,Sheet2!$A$2:$A$1453,Sheet2!$F$2:$F$1453),_xlfn.XLOOKUP(A243,TEXT(Sheet2!$A$2:$A$1453,"0"),Sheet2!$F$2:$F$1453,""))} -> 26-7-2026 | G243: {=IFERROR(_xlfn.XLOOKUP(A243,Sheet2!$A$2:$A$1453,Sheet2!$G$2:$G$1453),_xlfn.XLOOKUP(A243,TEXT(Sheet2!$A$2:$A$1453,"0"),Sheet2!$G$2:$G$1453,""))} -> 6-8-2026
...

Sheet Sheet2
A1: ATS CODE | B1: الصنف | C1: السعر قبل العرض | D1: نسبة خصم العرض | E1: السعر بعد العرض | F1: بداية المدة | G1: نهاية المدة | H1: موجود في شيت1؟
A2: 20615010023 | B2: PAMPERS PANTS MEGA NO-3 2X60 | C2: 76 | D2: 15 | E2: 64.6 | F2: 26-7-2026 | G2: 6-8-2026 | H2: =IF(COUNTIF(Sheet1!$A:$A,TEXT(A2,"0"))+COUNTIF(Sheet1!$A:$A,A2)>0,"موجود","غير موجود") -> موجود
A3: 20615010401 | B3: PAMPERS PREMUM CARE PANTS BOX NO-6 1X54 | C3: 135 | D3: 12.5 | E3: 118.125 | F3: 26-7-2026 | G3: 6-8-2026 | H3: =IF(COUNTIF(Sheet1!$A:$A,TEXT(A3,"0"))+COUNTIF(Sheet1!$A:$A,A3)>0,"موجود","غير موجود") -> موجود
A4: 20615010404 | B4: PAMPERS PREMUM CARE PANTS NO-4 2X50 | C4: 80 | D4: 15 | E4: 68 | F4: 26-7-2026 | G4: 6-8-2026 | H4: =IF(COUNTIF(Sheet1!$A:$A,TEXT(A4,"0"))+COUNTIF(Sheet1!$A:$A,A4)>0,"موجود","غير موجود") -> موجود
A5: 20615010263 | B5: PAMPERS BOX JUMBO NO-1 1X136 | C5: 97 | D5: 12.5 | E5: 84.875 | F5: 26-7-2026 | G5: 5-10-2026 | H5: =IF(COUNTIF(Sheet1!$A:$A,TEXT(A5,"0"))+COUNTIF(Sheet1!$A:$A,A5)>0,"موجود","غير موجود") -> غير موجود
A6: 20615010265 | B6: PAMPERS BOX JUMBO NO-2 1X136. | C6: 97 | D6: 12.5 | E6: 84.875 | F6: 26-7-2026 | G6: 5-10-2026 | H6: =IF(COUNTIF(Sheet1!$A:$A,TEXT(A6,"0"))+COUNTIF(Sheet1!$A:$A,A6)>0,"موجود","غير موجود") -> غير موجود
A7: 20615010266 | B7: PAMPERS BOX JUMBO NO-3 1X104 | C7: 97 | D7: 12.5 | E7: 84.875 | F7: 26-7-2026 | G7: 5-10-2026 | H7: =IF(COUNTIF(Sheet1!$A:$A,TEXT(A7,"0"))+COUNTIF(Sheet1!$A:$A,A7)>0,"موجود","غير موجود") -> غير موجود
A8: 20615010267 | B8: PAMPERS BOX JUMBO NO-4 1X96 | C8: 97 | D8: 12.5 | E8: 84.875 | F8: 26-7-2026 | G8: 5-10-2026 | H8: =IF(COUNTIF(Sheet1!$A:$A,TEXT(A8,"0"))+COUNTIF(Sheet1!$A:$A,A8)>0,"موجود","غير موجود") -> موجود
A9: 20615010268 | B9: PAMPERS BOX JUMBO NO-5 1X80 | C9: 97 | D9: 12.5 | E9: 84.875 | F9: 26-7-2026 | G9: 5-10-2026 | H9: =IF(COUNTIF(Sheet1!$A:$A,TEXT(A9,"0"))+COUNTIF(Sheet1!$A:$A,A9)>0,"موجود","غير موجود") -> غير موجود
A10: 20615010269 | B10: PAMPERS BOX JUMBO NO-6 1X58 | C10: 97 | D10: 12.5 | E10: 84.875 | F10: 26-7-2026 | G10: 5-10-2026 | H10: =IF(COUNTIF(Sheet1!$A:$A,TEXT(A10,"0"))+COUNTIF(Sheet1!$A:$A,A10)>0,"موجود","غير موجود") -> موجود
A11: 20615010175 | B11: PAMPERS NO-3 2X84 | C11: 76 | D11: 12.5 | E11: 66.5 | F11: 26-7-2026 | G11: 5-10-2026 | H11: =IF(COUNTIF(Sheet1!$A:$A,TEXT(A11,"0"))+COUNTIF(Sheet1!$A:$A,A11)>0,"موجود","غير موجود") -> موجود
A12: 20615010110 | B12: pampers mega no 4 2*76 | C12: 76 | D12: 12.5 | E12: 66.5 | F12: 26-7-2026 | G12: 5-10-2026 | H12: =IF(COUNTIF(Sheet1!$A:$A,TEXT(A12,"0"))+COUNTIF(Sheet1!$A:$A,A12)>0,"موجود","غير موجود") -> موجود
A13: 20615010109 | B13: PAMPERS NO-4+ 2X74 | C13: 76 | D13: 12.5 | E13: 66.5 | F13: 26-7-2026 | G13: 5-10-2026 | H13: =IF(COUNTIF(Sheet1!$A:$A,TEXT(A13,"0"))+COUNTIF(Sheet1!$A:$A,A13)>0,"موجود","غير موجود") -> غير موجود
... A99: 20309012329 | B99: HEAD AND SHOULDERS SHAMPO ICE F | C99: 15.13 | D99: 15 | E99: 12.8605 | F99: 26-7-2026 | G99: 6-8-2026 | H99: =IF(COUNTIF(Sheet1!$A:$A,TEXT(A99,"0"))+COUNTIF(Sheet1!$A:$A,A99)>0,"موجود","غير موجود") -> غير موجود
A100: 1-14-201-014 | B100: UNIDOVE FEMINE VAGINAL WASH /1ML | C100: 85 | D100: 20 | E100: 68 | F100: 26-7-2026 | G100: 6-8-2026 | H100: =IF(COUNTIF(Sheet1!$A:$A,TEXT(A100,"0"))+COUNTIF(Sheet1!$A:$A,A100)>0,"موجود","غير موجود") -> موجود
A101: 2-09-031-398 | B101: UNIDOVE COLLAGEN Cream /1Container, | C101: 180 | D101: 20 | E101: 144 | F101: 26-7-2026 | G101: 6-8-2026 | H101: =IF(COUNTIF(Sheet1!$A:$A,TEXT(A101,"0"))+COUNTIF(Sheet1!$A:$A,A101)>0,"موجود","غير موجود") -> موجود
A102: 2-09-031-399 | B102: UNIDOVE SUN SCREEN Cream /1Containe | C102: 125 | D102: 20 | E102: 100 | F102: 26-7-2026 | G102: 6-8-2026 | H102: =IF(COUNTIF(Sheet1!$A:$A,TEXT(A102,"0"))+COUNTIF(Sheet1!$A:$A,A102)>0,"موجود","غير موجود") -> غير موجود
A103: 2-09-031-529 | B103: UNIDOVE SUN SCREEN container Lotion, | C103: 115 | D103: 20 | E103: 92 | F103: 26-7-2026 | G103: 6-8-2026 | H103: =IF(COUNTIF(Sheet1!$A:$A,TEXT(A103,"0"))+COUNTIF(Sheet1!$A:$A,A103)>0,"موجود","غير موجود") -> موجود
A104: 2-09-066-103 | B104: UNIDOVE WHITENING SOAP container So | C104: 47 | D104: 20 | E104: 37.6 | F104: 26-7-2026 | G104: 6-8-2026 | H104: =IF(COUNTIF(Sheet1!$A:$A,TEXT(A104,"0"))+COUNTIF(Sheet1!$A:$A,A104)>0,"موجود","غير موجود") -> غير موجود
A105: 2-09-066-104 | B105: UNIDOVE CLEANSING SOAP container So | C105: 42 | D105: 20 | E105: 33.6 | F105: 26-7-2026 | G105: 6-8-2026 | H105: =IF(COUNTIF(Sheet1!$A:$A,TEXT(A105,"0"))+COUNTIF(Sheet1!$A:$A,A105)>0,"موجود","غير موجود") -> موجود
A106: 2-09-092-022 | B106: UNIDOVE FACIAL CLEANSER Liquid /1Co | C106: 125 | D106: 20 | E106: 100 | F106: 26-7-2026 | G106: 6-8-2026 | H106: =IF(COUNTIF(Sheet1!$A:$A,TEXT(A106,"0"))+COUNTIF(Sheet1!$A:$A,A106)>0,"موجود","غير موجود") -> موجود
A107: 2-09-094-076 | B107: UNIDOVE BODY LOTION /1Container, 1Co | C107: 125 | D107: 20 | E107: 100 | F107: 26-7-2026 | G107: 6-8-2026 | H107: =IF(COUNTIF(Sheet1!$A:$A,TEXT(A107,"0"))+COUNTIF(Sheet1!$A:$A,A107)>0,"موجود","غير موجود") -> غير موجود
A108: 2-09-149-045 | B108: UNIDOVE ALICE Serum /1Container, 1Cont | C108: 145 | D108: 20 | E108: 116 | F108: 26-7-2026 | G108: 6-8-2026 | H108: =IF(COUNTIF(Sheet1!$A:$A,TEXT(A108,"0"))+COUNTIF(Sheet1!$A:$A,A108)>0,"موجود","غير موجود") -> غير موجود
A109: 2-09-149-063 | B109: NANO DERMA VITAMIN C SERUM 30 M | C109: 170.00001 | D109: 20 | E109: 136.00001 | F109: 26-7-2026 | G109: 6-8-2026 | H109: =IF(COUNTIF(Sheet1!$A:$A,TEXT(A109,"0"))+COUNTIF(Sheet1!$A:$A,A109)>0,"موجود","غير موجود") -> غير موجود
A110: 2-09-149-068 | B110: UNIDOVE HAIR CREAM 100 ML/CONTA | C110: 95 | D110: 20 | E110: 76 | F110: 26-7-2026 | G110: 6-8-2026 | H110: =IF(COUNTIF(Sheet1!$A:$A,TEXT(A110,"0"))+COUNTIF(Sheet1!$A:$A,A110)>0,"موجود","غير موجود") -> غير موجود
A111: 2-09-150-081 | B111: UNIDOVE ALICE shampoo /1Container, 1C | C111: 95 | D111: 20 | E111: 76 | F111: 26-7-2026 | G111: 6-8-2026 | H111: =IF(COUNTIF(Sheet1!$A:$A,TEXT(A111,"0"))+COUNTIF(Sheet1!$A:$A,A111)>0,"موجود","غير موجود") -> موجود
... A126: 1-03-186-068 | B126: NQ ARGITONE ml Syrup, 100 ML/BOTTLE | C126: 150 | D126: 33 | E126: 100.5 | F126: 26-7-2026 | G126: 6-8-2026 | H126: =IF(COUNTIF(Sheet1!$A:$A,TEXT(A126,"0"))+COUNTIF(Sheet1!$A:$A,A126)>0,"موجود","غير موجود") -> موجود
A127: 20715010050 | B127: BLEMIL PLUS NO (1) 800 GM | C127: 88.5 | D127: 10 | E127: 79.65 | F127: 26-7-2026 | G127: 5-10-2026 | H127: =IF(COUNTIF(Sheet1!$A:$A,TEXT(A127,"0"))+COUNTIF(Sheet1!$A:$A,A127)>0,"موجود","غير موجود") -> موجود
A128: 20715010042 | B128: BLEMIL PLUS 2 800G | C128: 88.5 | D128: 10 | E128: 79.65 | F128: 26-7-2026 | G128: 5-10-2026 | H128: =IF(COUNTIF(Sheet1!$A:$A,TEXT(A128,"0"))+COUNTIF(Sheet1!$A:$A,A128)>0,"موجود","غير موجود") -> موجود
A129: 20715010051 | B129: BLEMIL PLUS NO (3) 800 GM | C129: 86 | D129: 10 | E129: 77.4 | F129: 26-7-2026 | G129: 5-10-2026 | H129: =IF(COUNTIF(Sheet1!$A:$A,TEXT(A129,"0"))+COUNTIF(Sheet1!$A:$A,A129)>0,"موجود","غير موجود") -> موجود
A130: 20715010265 | B130: BLEMIL PLUS ( 3 ) 1200 | C130: 126 | D130: 10 | E130: 113.4 | F130: 26-7-2026 | G130: 5-10-2026 | H130: =IF(COUNTIF(Sheet1!$A:$A,TEXT(A130,"0"))+COUNTIF(Sheet1!$A:$A,A130)>0,"موجود","غير موجود") -> موجود
A131: 20715010481 | B131: BLEVIT MULTIGRAIN AND FIBER 0% AD | C131: 28.66 | D131: 25 | E131: 21.495 | F131: 26-7-2026 | G131: 5-10-2026 | H131: =IF(COUNTIF(Sheet1!$A:$A,TEXT(A131,"0"))+COUNTIF(Sheet1!$A:$A,A131)>0,"موجود","غير موجود") -> غير موجود
A132: 20815010011 | B132: BLEVIT PLUS AD CARROT&RICE 0% ADD | C132: 28.66 | D132: 25 | E132: 21.495 | F132: 26-7-2026 | G132: 5-10-2026 | H132: =IF(COUNTIF(Sheet1!$A:$A,TEXT(A132,"0"))+COUNTIF(Sheet1!$A:$A,A132)>0,"موجود","غير موجود") -> غير موجود
A133: 20715010480 | B133: BLEVIT PLUS TO SHAKE 0% ADDED SUG | C133: 28.66 | D133: 25 | E133: 21.495 | F133: 26-7-2026 | G133: 5-10-2026 | H133: =IF(COUNTIF(Sheet1!$A:$A,TEXT(A133,"0"))+COUNTIF(Sheet1!$A:$A,A133)>0,"موجود","غير موجود") -> غير موجود
A134: 20815010012 | B134: BLEVIT RICE AND FRUITS WITH MILK 3 | C134: 28.66 | D134: 25 | E134: 21.495 | F134: 26-7-2026 | G134: 5-10-2026 | H134: =IF(COUNTIF(Sheet1!$A:$A,TEXT(A134,"0"))+COUNTIF(Sheet1!$A:$A,A134)>0,"موجود","غير موجود") -> غير موجود
A135: 20815010041 | B135: BLEVIT RICE WITH MILK 350 GM | C135: 28.66 | D135: 25 | E135: 21.495 | F135: 26-7-2026 | G135: 5-10-2026 | H135: =IF(COUNTIF(Sheet1!$A:$A,TEXT(A135,"0"))+COUNTIF(Sheet1!$A:$A,A135)>0,"موجود","غير موجود") -> موجود
A136: 20815010007 | B136: BLEVIT WHEAT WITH MILK 350 GM | C136: 26 | D136: 25 | E136: 19.5 | F136: 26-7-2026 | G136: 5-10-2026 | H136: =IF(COUNTIF(Sheet1!$A:$A,TEXT(A136,"0"))+COUNTIF(Sheet1!$A:$A,A136)>0,"موجود","غير موجود") -> غير موجود
A137: 20715010482 | B137: VITAFOS 3+NUTRITONAL FORMULA FO | C137: 47 | D137: 30 | E137: 32.9 | F137: 26-7-2026 | G137: 5-10-2026 | H137: =IF(COUNTIF(Sheet1!$A:$A,TEXT(A137,"0"))+COUNTIF(Sheet1!$A:$A,A137)>0,"موجود","غير موجود") -> غير موجود
A138: 20715010232 | B138: VITAFOS NUTITIONAL MILK 400 | C138: 47 | D138: 30 | E138: 32.9 | F138: 26-7-2026 | G138: 5-10-2026 | H138: =IF(COUNTIF(Sheet1!$A:$A,TEXT(A138,"0"))+COUNTIF(Sheet1!$A:$A,A138)>0,"موجود","غير موجود") -> غير موجود
... A176: 20309503830 | B176: VAUVA BABY WIPES 80 PCS COTTON 100% BAGS 2+1 | C176: 32 | D176: 25 | E176: 24 | F176: 26-7-2026 | G176: 6-8-2026 | H176: =IF(COUNTIF(Sheet1!$A:$A,TEXT(A176,"0"))+COUNTIF(Sheet1!$A:$A,A176)>0,"موجود","غير موجود") -> موجود
A177: 1-04-031-002 | B177: NOSTRISOFT apply Cream, 100 ML/TUBE | C177: 40 | D177: 40 | E177: 24 | F177: 26-7-2026 | G177: 6-8-2026 | H177: =IF(COUNTIF(Sheet1!$A:$A,TEXT(A177,"0"))+COUNTIF(Sheet1!$A:$A,A177)>0,"موجود","غير موجود") -> غير موجود
A178: 1-09-066-046 | B178: NOSTRICURE Oral Gel, 30 ML/TUBE | C178: 40 | D178: 40 | E178: 24 | F178: 26-7-2026 | G178: 6-8-2026 | H178: =IF(COUNTIF(Sheet1!$A:$A,TEXT(A178,"0"))+COUNTIF(Sheet1!$A:$A,A178)>0,"موجود","غير موجود") -> موجود
A179: 1-09-194-017 | B179: NOSTRI LICE Topical Spray, CONTAINER | C179: 65 | D179: 40 | E179: 39 | F179: 26-7-2026 | G179: 6-8-2026 | H179: =IF(COUNTIF(Sheet1!$A:$A,TEXT(A179,"0"))+COUNTIF(Sheet1!$A:$A,A179)>0,"موجود","غير موجود") -> غير موجود
A180: 1-12-109-038 | B180: ORACURE Mouth Wash, 300 ML/BOTTEL | C180: 35 | D180: 35 | E180: 22.75 | F180: 26-7-2026 | G180: 6-8-2026 | H180: =IF(COUNTIF(Sheet1!$A:$A,TEXT(A180,"0"))+COUNTIF(Sheet1!$A:$A,A180)>0,"موجود","غير موجود") -> موجود
A181: 1-14-166-032 | B181: INTIMO VAGINAL WASH Solution /1ML, 250ML/Container | C181: 75 | D181: 35 | E181: 48.75 | F181: 26-7-2026 | G181: 6-8-2026 | H181: =IF(COUNTIF(Sheet1!$A:$A,TEXT(A181,"0"))+COUNTIF(Sheet1!$A:$A,A181)>0,"موجود","غير موجود") -> موجود
A182: 2-09-031-483 | B182: RIZER apply Cream, 75 ML/TUBE | C182: 60 | D182: 35 | E182: 39 | F182: 26-7-2026 | G182: 6-8-2026 | H182: =IF(COUNTIF(Sheet1!$A:$A,TEXT(A182,"0"))+COUNTIF(Sheet1!$A:$A,A182)>0,"موجود","غير موجود") -> موجود
A183: 1-09-118-050 | B183: NOSTRIDERM Ointment , 50 ML/TUBE | C183: 65 | D183: 35 | E183: 42.25 | F183: 26-7-2026 | G183: 6-8-2026 | H183: =IF(COUNTIF(Sheet1!$A:$A,TEXT(A183,"0"))+COUNTIF(Sheet1!$A:$A,A183)>0,"موجود","غير موجود") -> موجود
A184: 20309030082 | B184: HIMALAYA HERBALS CLEAR CO | C184: 34.22 | D184: 25 | E184: 27.376 | F184: 26-7-2026 | G184: 6-8-2026 | H184: =IF(COUNTIF(Sheet1!$A:$A,TEXT(A184,"0"))+COUNTIF(Sheet1!$A:$A,A184)>0,"موجود","غير موجود") -> موجود
A185: 20309501596 | B185: HIMALAYA HERBALS PURIFYIN | C185: 32.55 | D185: 25 | E185: 26.04 | F185: 26-7-2026 | G185: 6-8-2026 | H185: =IF(COUNTIF(Sheet1!$A:$A,TEXT(A185,"0"))+COUNTIF(Sheet1!$A:$A,A185)>0,"موجود","غير موجود") -> موجود
A186: 20309020766 | B186: HIMALAYA HERBALS OIL CON | C186: 34.22 | D186: 25 | E186: 27.376 | F186: 26-7-2026 | G186: 6-8-2026 | H186: =IF(COUNTIF(Sheet1!$A:$A,TEXT(A186,"0"))+COUNTIF(Sheet1!$A:$A,A186)>0,"موجود","غير موجود") -> موجود
A187: 20309020765 | B187: Himalaya BRIGHTENING VITAM | C187: 23.8 | D187: 25 | E187: 19.04 | F187: 26-7-2026 | G187: 6-8-2026 | H187: =IF(COUNTIF(Sheet1!$A:$A,TEXT(A187,"0"))+COUNTIF(Sheet1!$A:$A,A187)>0,"موجود","غير موجود") -> موجود
A188: 20309503231 | B188: HIMALAYA DETOX CHARCOAL | C188: 32.37 | D188: 25 | E188: 25.896 | F188: 26-7-2026 | G188: 6-8-2026 | H188: =IF(COUNTIF(Sheet1!$A:$A,TEXT(A188,"0"))+COUNTIF(Sheet1!$A:$A,A188)>0,"موجود","غير موجود") -> موجود
A189: 20309020614 | B189: HIMALAYA HERBALS PURIFYIN | C189: 32.37 | D189: 25 | E189: 25.896 | F189: 26-7-2026 | G189: 6-8-2026 | H189: =IF(COUNTIF(Sheet1!$A:$A,TEXT(A189,"0"))+COUNTIF(Sheet1!$A:$A,A189)>0,"موجود","غير موجود") -> موجود
A190: 20309010628 | B190: HIMALAYA ALOE VERA FACE& | C190: 19.11 | D190: 25 | E190: 15.288 | F190: 26-7-2026 | G190: 6-8-2026 | H190: =IF(COUNTIF(Sheet1!$A:$A,TEXT(A190,"0"))+COUNTIF(Sheet1!$A:$A,A190)>0,"موجود","غير موجود") -> موجود
A191: 20309021813 | B191: HIMALAYA ALOE VERA FACE& | C191: 11.71 | D191: 25 | E191: 9.368 | F191: 26-7-2026 | G191: 6-8-2026 | H191: =IF(COUNTIF(Sheet1!$A:$A,TEXT(A191,"0"))+COUNTIF(Sheet1!$A:$A,A191)>0,"موجود","غير موجود") -> موجود
A192: 20309503249 | B192: HIMALAYA SENSITIVE BABY W | C192: 27.13 | D192: 25 | E192: 21.704 | F192: 26-7-2026 | G192: 6-8-2026 | H192: =IF(COUNTIF(Sheet1!$A:$A,TEXT(A192,"0"))+COUNTIF(Sheet1!$A:$A,A192)>0,"موجود","غير موجود") -> موجود
A193: 20309503205 | B193: HIMALAYA PROTEIN HAIRCREA | C193: 9.06 | D193: 25 | E193: 7.248 | F193: 26-7-2026 | G193: 6-8-2026 | H193: =IF(COUNTIF(Sheet1!$A:$A,TEXT(A193,"0"))+COUNTIF(Sheet1!$A:$A,A193)>0,"موجود","غير موجود") -> موجود
A194: 20309503203 | B194: HIMALAYA ANTI HAIR FALL CR | C194: 9.06 | D194: 25 | E194: 7.248 | F194: 26-7-2026 | G194: 6-8-2026 | H194: =IF(COUNTIF(Sheet1!$A:$A,TEXT(A194,"0"))+COUNTIF(Sheet1!$A:$A,A194)>0,"موجود","غير موجود") -> موجود
A195: 1-03-187-198 | B195: NAFEES PHARMA BIOTIN Tablet, 60 TABLET/BOX | C195: 43 | D195: 50 | E195: 21.5 | F195: 26-7-2026 | G195: 05-09-2026 | H195: =IF(COUNTIF(Sheet1!$A:$A,TEXT(A195,"0"))+COUNTIF(Sheet1!$A:$A,A195)>0,"موجود","غير موجود") -> غير موجود
A196: 1-09-187-238 | B196: NAFEES PHARMA INU CARE Capsule, 30 CAPSULE/BOX | C196: 85 | D196: 50 | E196: 42.5 | F196: 26-7-2026 | G196: 05-09-2026 | H196: =IF(COUNTIF(Sheet1!$A:$A,TEXT(A196,"0"))+COUNTIF(Sheet1!$A:$A,A196)>0,"موجود","غير موجود") -> غير موجود
A197: 1-03-187-237 | B197: NAFEES PHARMA MULTIVITAMIN GUMMIES , 60 TABLET/BOTTEL | C197: 105 | D197: 50 | E197: 52.5 | F197: 26-7-2026 | G197: 05-09-2026 | H197: =IF(COUNTIF(Sheet1!$A:$A,TEXT(A197,"0"))+COUNTIF(Sheet1!$A:$A,A197)>0,"موجود","غير موجود") -> موجود
A198: 1-03-187-236 | B198: NAFEES PHARMA NEUROBIT-B12 (1000 mcg/tablet), 100 TABLET/BOX | C198: 46 | D198: 50 | E198: 23 | F198: 26-7-2026 | G198: 05-09-2026 | H198: =IF(COUNTIF(Sheet1!$A:$A,TEXT(A198,"0"))+COUNTIF(Sheet1!$A:$A,A198)>0,"موجود","غير موجود") -> غير موجود
A199: 1-03-186-071 | B199: NAFEES PHARMA OMEGA3 Syrup, 150 ML/BOTTEL | C199: 78 | D199: 50 | E199: 39 | F199: 26-7-2026 | G199: 05-09-2026 | H199: =IF(COUNTIF(Sheet1!$A:$A,TEXT(A199,"0"))+COUNTIF(Sheet1!$A:$A,A199)>0,"موجود","غير موجود") -> غير موجود
A200: 1-03-020-233 | B200: NAFEES PHARMA ROYA-GIN Tablet, 30 TABLET/BOX | C200: 80 | D200: 50 | E200: 40 | F200: 26-7-2026 | G200: 05-09-2026 | H200: =IF(COUNTIF(Sheet1!$A:$A,TEXT(A200,"0"))+COUNTIF(Sheet1!$A:$A,A200)>0,"موجود","غير موجود") -> غير موجود
A201: 1-03-020-013 | B201: TRIGLISTAB ARKO Capsule /1Capsule, 30Cap | C201: 112 | D201: 50 | E201: 56 | F201: 26-7-2026 | G201: 05-09-2026 | H201: =IF(COUNTIF(Sheet1!$A:$A,TEXT(A201,"0"))+COUNTIF(Sheet1!$A:$A,A201)>0,"موجود","غير موجود") -> موجود
A202: 1-03-186-072 | B202: NAFEES PHARMA PROPOLIS SPRAY , 20 ML/BOTTLE | C202: 52 | D202: 50 | E202: 26 | F202: 26-7-2026 | G202: 05-09-2026 | H202: =IF(COUNTIF(Sheet1!$A:$A,TEXT(A202,"0"))+COUNTIF(Sheet1!$A:$A,A202)>0,"موجود","غير موجود") -> غير موجود
A203: 2-09-150-091 | B203: FORCAPIL KERATIN+ B5 SHAMPO Shampoo, 200 ML/CONTAINER | C203: 95 | D203: 50 | E203: 47.5 | F203: 26-7-2026 | G203: 05-09-2026 | H203: =IF(COUNTIF(Sheet1!$A:$A,TEXT(A203,"0"))+COUNTIF(Sheet1!$A:$A,A203)>0,"موجود","غير موجود") -> موجود
A204: 1-09-194-002 | B204: FORCAPIL TOPICAL SPRAY /1Applicator, 1Applicator/Applicator | C204: 150 | D204: 50 | E204: 75 | F204: 26-7-2026 | G204: 05-09-2026 | H204: =IF(COUNTIF(Sheet1!$A:$A,TEXT(A204,"0"))+COUNTIF(Sheet1!$A:$A,A204)>0,"موجود","غير موجود") -> غير موجود
A205: 1-03-020-188 | B205: FORCAPIL Capsule, 180 CAPSULE/BOX | C205: 173.10006 | D205: 50 | E205: 86.55003 | F205: 26-7-2026 | G205: 05-09-2026 | H205: =IF(COUNTIF(Sheet1!$A:$A,TEXT(A205,"0"))+COUNTIF(Sheet1!$A:$A,A205)>0,"موجود","غير موجود") -> موجود
A206: 1-03-187-238 | B206: ARKO PHARMA FORCAPIL GROWTH HAIR AND NAILS GUMMIES, 60 TABLET/BOTTEL | C206: 159 | D206: 50 | E206: 79.5 | F206: 26-7-2026 | G206: 05-09-2026 | H206: =IF(COUNTIF(Sheet1!$A:$A,TEXT(A206,"0"))+COUNTIF(Sheet1!$A:$A,A206)>0,"موجود","غير موجود") -> غير موجود
... A208: 1-04-020-074 | B208: APPLE CIDER VINEGAR 1000 mg/capsule, 60 CAPSULE/BOTTEL | C208: 99 | D208: 50 | E208: 49.5 | F208: 26-7-2026 | G208: 05-09-2026 | H208: =IF(COUNTIF(Sheet1!$A:$A,TEXT(A208,"0"))+COUNTIF(Sheet1!$A:$A,A208)>0,"موجود","غير موجود") -> غير موجود
A209: 20309060742 | B209: BEESLINE WHITENING ROLL 1+50% DISC FRA | C209: 97.5 | D209: 20 | E209: 78 | F209: 26-7-2026 | G209: 6-8-2026 | H209: =IF(COUNTIF(Sheet1!$A:$A,TEXT(A209,"0"))+COUNTIF(Sheet1!$A:$A,A209)>0,"موجود","غير موجود") -> موجود
A210: 20309060767 | B210: BEESLINE WHITENING ROLL 1+50%DIS SPOR | C210: 82.5 | D210: 20 | E210: 66 | F210: 26-7-2026 | G210: 6-8-2026 | H210: =IF(COUNTIF(Sheet1!$A:$A,TEXT(A210,"0"))+COUNTIF(Sheet1!$A:$A,A210)>0,"موجود","غير موجود") -> موجود
A211: 20309060769 | B211: BEESLINE WHITENING ROLL 1+50%DIS GREE | C211: 82.5 | D211: 20 | E211: 66 | F211: 26-7-2026 | G211: 6-8-2026 | H211: =IF(COUNTIF(Sheet1!$A:$A,TEXT(A211,"0"))+COUNTIF(Sheet1!$A:$A,A211)>0,"موجود","غير موجود") -> موجود
A212: 20309060770 | B212: BEESLINE WHITENING ROLL 1+50%DIS COOL | C212: 82.5 | D212: 20 | E212: 66 | F212: 26-7-2026 | G212: 6-8-2026 | H212: =IF(COUNTIF(Sheet1!$A:$A,TEXT(A212,"0"))+COUNTIF(Sheet1!$A:$A,A212)>0,"موجود","غير موجود") -> موجود
A213: 20309010952 | B213: BEESLINE EXPRESS HAIR & STRAIG | C213: 10.75 | D213: 20 | E213: 8.6 | F213: 26-7-2026 | G213: 6-8-2026 | H213: =IF(COUNTIF(Sheet1!$A:$A,TEXT(A213,"0"))+COUNTIF(Sheet1!$A:$A,A213)>0,"موجود","غير موجود") -> غير موجود
A214: 20309011095 | B214: BEESLINE DAILY SHAMPOO | C214: 15 | D214: 20 | E214: 12 | F214: 26-7-2026 | G214: 6-8-2026 | H214: =IF(COUNTIF(Sheet1!$A:$A,TEXT(A214,"0"))+COUNTIF(Sheet1!$A:$A,A214)>0,"موجود","غير موجود") -> غير موجود
A215: 20309012353 | B215: BEESLINE SMALL HAJJ KIT 10044 | C215: 43 | D215: 20 | E215: 34.4 | F215: 26-7-2026 | G215: 6-8-2026 | H215: =IF(COUNTIF(Sheet1!$A:$A,TEXT(A215,"0"))+COUNTIF(Sheet1!$A:$A,A215)>0,"موجود","غير موجود") -> موجود
A216: 20309020116 | B216: BEESLINE EXPRESS MASK EYE CON | C216: 10.75 | D216: 20 | E216: 8.6 | F216: 26-7-2026 | G216: 6-8-2026 | H216: =IF(COUNTIF(Sheet1!$A:$A,TEXT(A216,"0"))+COUNTIF(Sheet1!$A:$A,A216)>0,"موجود","غير موجود") -> غير موجود
A217: 20309020117 | B217: BEESLINE OIL TAN KSA038 | C217: 95 | D217: 20 | E217: 76 | F217: 26-7-2026 | G217: 6-8-2026 | H217: =IF(COUNTIF(Sheet1!$A:$A,TEXT(A217,"0"))+COUNTIF(Sheet1!$A:$A,A217)>0,"موجود","غير موجود") -> غير موجود
A218: 20309020192 | B218: BEESLINE WHITENING FACIAL WA | C218: 72 | D218: 20 | E218: 57.6 | F218: 26-7-2026 | G218: 6-8-2026 | H218: =IF(COUNTIF(Sheet1!$A:$A,TEXT(A218,"0"))+COUNTIF(Sheet1!$A:$A,A218)>0,"موجود","غير موجود") -> موجود
A219: 20309020221 | B219: BEESLINE ROLL ON INVISIBLE TOUCH | C219: 57 | D219: 20 | E219: 45.6 | F219: 26-7-2026 | G219: 6-8-2026 | H219: =IF(COUNTIF(Sheet1!$A:$A,TEXT(A219,"0"))+COUNTIF(Sheet1!$A:$A,A219)>0,"موجود","غير موجود") -> موجود
A220: 20309020224 | B220: BEESLINE LIP CARE SHOOTHING JOUNIOR ROSE | C220: 16 | D220: 20 | E220: 12.8 | F220: 26-7-2026 | G220: 6-8-2026 | H220: =IF(COUNTIF(Sheet1!$A:$A,TEXT(A220,"0"))+COUNTIF(Sheet1!$A:$A,A220)>0,"موجود","غير موجود") -> موجود
... A402: 20715010536 | B402: HUMANA BABY CEREAL ORGANIC RICE 200 GM | C402: 24.4 | D402: 12.5 | E402: 21.35 | F402: 26-7-2026 | G402: 5-10-2026 | H402: =IF(COUNTIF(Sheet1!$A:$A,TEXT(A402,"0"))+COUNTIF(Sheet1!$A:$A,A402)>0,"موجود","غير موجود") -> غير موجود
A403: 2-09-031-485 | B403: QV CREAM ( PUMP ), 500 GM/CONTAINER | C403: 160 | D403: 40 | E403: 96 | F403: 26-7-2026 | G403: 6-8-2026 | H403: =IF(COUNTIF(Sheet1!$A:$A,TEXT(A403,"0"))+COUNTIF(Sheet1!$A:$A,A403)>0,"موجود","غير موجود") -> غير موجود
A404: 2-09-003-001 | B404: QVFEETHEELBALM/1APPLY,50GM | C404: 48 | D404: 20 | E404: 38.4 | F404: 26-7-2026 | G404: 6-8-2026 | H404: =IF(COUNTIF(Sheet1!$A:$A,TEXT(A404,"0"))+COUNTIF(Sheet1!$A:$A,A404)>0,"موجود","غير موجود") -> غير موجود
A405: 2-09-003-002 | B405: QVLIPBALM/1APPLY,15GM/Tube | C405: 34.999995 | D405: 20 | E405: 27.999996 | F405: 26-7-2026 | G405: 6-8-2026 | H405: =IF(COUNTIF(Sheet1!$A:$A,TEXT(A405,"0"))+COUNTIF(Sheet1!$A:$A,A405)>0,"موجود","غير موجود") -> موجود
A406: 2-09-023-004 | B406: QVAZCLEARFOAMINGWASH/1AP | C406: 65 | D406: 20 | E406: 52 | F406: 26-7-2026 | G406: 6-8-2026 | H406: =IF(COUNTIF(Sheet1!$A:$A,TEXT(A406,"0"))+COUNTIF(Sheet1!$A:$A,A406)>0,"موجود","غير موجود") -> غير موجود
A407: 2-09-023-007 | B407: QVBABY2IN1SHAMPOO&COND | C407: 42 | D407: 20 | E407: 33.6 | F407: 26-7-2026 | G407: 6-8-2026 | H407: =IF(COUNTIF(Sheet1!$A:$A,TEXT(A407,"0"))+COUNTIF(Sheet1!$A:$A,A407)>0,"موجود","غير موجود") -> غير موجود
A408: 2-09-023-008 | B408: QVBABYBARRIERCREAMapplyCr | C408: 30 | D408: 20 | E408: 24 | F408: 26-7-2026 | G408: 6-8-2026 | H408: =IF(COUNTIF(Sheet1!$A:$A,TEXT(A408,"0"))+COUNTIF(Sheet1!$A:$A,A408)>0,"موجود","غير موجود") -> غير موجود
A409: 2-09-023-009 | B409: QVBABYMOISTURISINGCREAMap | C409: 59 | D409: 20 | E409: 47.2 | F409: 26-7-2026 | G409: 6-8-2026 | H409: =IF(COUNTIF(Sheet1!$A:$A,TEXT(A409,"0"))+COUNTIF(Sheet1!$A:$A,A409)>0,"موجود","غير موجود") -> موجود
A410: 2-09-023-010 | B410: QVBABYSKINLOTIONapplyCream | C410: 55 | D410: 20 | E410: 44 | F410: 26-7-2026 | G410: 6-8-2026 | H410: =IF(COUNTIF(Sheet1!$A:$A,TEXT(A410,"0"))+COUNTIF(Sheet1!$A:$A,A410)>0,"موجود","غير موجود") -> غير موجود
A411: 2-09-023-011 | B411: QVFACEGENTLEFOAMINGCLEAN | C411: 95 | D411: 20 | E411: 76 | F411: 26-7-2026 | G411: 6-8-2026 | H411: =IF(COUNTIF(Sheet1!$A:$A,TEXT(A411,"0"))+COUNTIF(Sheet1!$A:$A,A411)>0,"موجود","غير موجود") -> غير موجود
A412: 2-09-023-013 | B412: QVFACERESCUEGELapplyGel,25G | C412: 110 | D412: 20 | E412: 88 | F412: 26-7-2026 | G412: 6-8-2026 | H412: =IF(COUNTIF(Sheet1!$A:$A,TEXT(A412,"0"))+COUNTIF(Sheet1!$A:$A,A412)>0,"موجود","غير موجود") -> غير موجود
A413: 2-09-031-342 | B413: QVFLAREUPCream/1Container,1Co | C413: 80 | D413: 20 | E413: 64 | F413: 26-7-2026 | G413: 6-8-2026 | H413: =IF(COUNTIF(Sheet1!$A:$A,TEXT(A413,"0"))+COUNTIF(Sheet1!$A:$A,A413)>0,"موجود","غير موجود") -> غير موجود
A414: 2-09-031-343 | B414: QVHANDCream/1Container,1Contain | C414: 48 | D414: 20 | E414: 38.4 | F414: 26-7-2026 | G414: 6-8-2026 | H414: =IF(COUNTIF(Sheet1!$A:$A,TEXT(A414,"0"))+COUNTIF(Sheet1!$A:$A,A414)>0,"موجود","غير موجود") -> موجود
... A434: 2-09-204-013 | B434: QVHANDCREAMSPF15GWPBAGa | C434: 48 | D434: 20 | E434: 38.4 | F434: 26-7-2026 | G434: 6-8-2026 | H434: =IF(COUNTIF(Sheet1!$A:$A,TEXT(A434,"0"))+COUNTIF(Sheet1!$A:$A,A434)>0,"موجود","غير موجود") -> غير موجود
A435: 20309012297 | B435: ALTA MODE CONDITIONER DE | C435: 29.38 | D435: 33 | E435: 19.6846 | F435: 26-7-2026 | G435: 6-8-2026 | H435: =IF(COUNTIF(Sheet1!$A:$A,TEXT(A435,"0"))+COUNTIF(Sheet1!$A:$A,A435)>0,"موجود","غير موجود") -> موجود
A436: 20309012298 | B436: ALTA MODE CONDITIONER KE | C436: 29.38 | D436: 33 | E436: 19.6846 | F436: 26-7-2026 | G436: 6-8-2026 | H436: =IF(COUNTIF(Sheet1!$A:$A,TEXT(A436,"0"))+COUNTIF(Sheet1!$A:$A,A436)>0,"موجود","غير موجود") -> موجود
A437: 20309012299 | B437: ALTA MODE SHAMPO Bb CREA | C437: 29.38 | D437: 33 | E437: 19.6846 | F437: 26-7-2026 | G437: 6-8-2026 | H437: =IF(COUNTIF(Sheet1!$A:$A,TEXT(A437,"0"))+COUNTIF(Sheet1!$A:$A,A437)>0,"موجود","غير موجود") -> موجود
...
